-- phpMyAdmin SQL Dump
-- version 5.2.1
-- https://www.phpmyadmin.net/
--
-- Host: 127.0.0.1
-- Generation Time: Mar 10, 2025 at 02:50 PM
-- Server version: 10.4.32-MariaDB
-- PHP Version: 8.2.12

SET SQL_MODE = "NO_AUTO_VALUE_ON_ZERO";
START TRANSACTION;
SET time_zone = "+00:00";


/*!40101 SET @OLD_CHARACTER_SET_CLIENT=@@CHARACTER_SET_CLIENT */;
/*!40101 SET @OLD_CHARACTER_SET_RESULTS=@@CHARACTER_SET_RESULTS */;
/*!40101 SET @OLD_COLLATION_CONNECTION=@@COLLATION_CONNECTION */;
/*!40101 SET NAMES utf8mb4 */;

--
-- Database: `online_bookstore_new`
--

-- --------------------------------------------------------

--
-- Table structure for table `addresses`
--

CREATE TABLE `addresses` (
  `id` int(11) NOT NULL,
  `street` varchar(255) NOT NULL,
  `city` varchar(100) NOT NULL,
  `state` varchar(100) DEFAULT NULL,
  `zip` varchar(20) DEFAULT NULL
) ENGINE=InnoDB DEFAULT CHARSET=utf8mb4 COLLATE=utf8mb4_general_ci;

-- --------------------------------------------------------

--
-- Table structure for table `authors`
--

CREATE TABLE `authors` (
  `id` int(11) NOT NULL,
  `name` varchar(255) NOT NULL
) ENGINE=InnoDB DEFAULT CHARSET=utf8mb4 COLLATE=utf8mb4_general_ci;

--
-- Dumping data for table `authors`
--

INSERT INTO `authors` (`id`, `name`) VALUES
(1, 'Николай Курдюмов'),
(2, 'Крафт фон Хайниц'),
(3, 'Георг Меркенс'),
(4, 'Луц Рьолке'),
(5, 'Бернд Шулц'),
(6, 'Герд Гросман'),
(7, 'Хайнц Любе'),
(8, 'Франц Бьомих'),
(9, 'Дитер Кемпфер'),
(10, 'Холгер Доп'),
(11, 'Халина Хайц'),
(12, 'Зигфрид Колер'),
(13, 'Франк Хърбърт'),
(14, 'Орсън Скот Кард'),
(15, 'Дж. Р. Р. Толкин'),
(16, 'Джордж Р. Р. Мартин'),
(17, 'Джордж Оруел'),
(18, 'Рей Бредбъри'),
(19, 'Дан Симънс'),
(20, 'Дъглас Адамс'),
(21, 'Мери Шели'),
(22, 'Стивън Кинг'),
(23, 'Агата Кристи'),
(24, 'Томас Харис'),
(25, 'Стиг Ларшон'),
(26, 'Дан Браун'),
(27, 'Реймънд Чандлър'),
(28, 'Робърт Блох'),
(29, 'Алекс Майкълидис'),
(30, 'Робърт Галбрейт'),
(31, 'Джилиан Флин'),
(32, 'Джейн Остин'),
(33, 'Лев Толстой'),
(34, 'Маргарет Мичъл'),
(35, 'Никълъс Спаркс'),
(36, 'Робърт Джеймс Уолър'),
(37, 'Иби Зобой'),
(38, 'Сара Джио'),
(39, 'Джон Грийн'),
(40, 'Габриел Гарсия Маркес'),
(41, 'Сесилия Ахърн'),
(42, 'Фьодор Достоевски'),
(43, 'Ф. Скот Фицджералд'),
(44, 'Михаил Булгаков'),
(45, 'Джон Стайнбек'),
(46, 'Албер Камю'),
(47, 'Джордж Елиът'),
(48, 'Вирджиния Улф'),
(49, 'Шарлот Бронте'),
(50, 'Емили Бронте'),
(51, 'Иван Вазов'),
(52, 'Димитър Димов'),
(53, 'Димитър Талев'),
(54, 'Алеко Константинов'),
(55, 'Антон Дончев'),
(56, 'Емилиян Станев'),
(57, 'Захарий Стоянов'),
(58, 'Блага Димитрова'),
(59, 'Захари Карабашлиев'),
(60, 'Виктория Бешлийска'),
(61, 'Мария Касимова-Моасе'),
(62, 'Джеф Кини'),
(63, 'Маргарета Магнусон'),
(64, 'Дъглас Адамс'),
(65, 'Ярослав Хашек'),
(66, 'Александър Дюма'),
(67, 'Илф и Петров'),
(68, 'Михаил Булгаков'),
(69, 'Джеймс Джойс'),
(70, 'Арт Шпигелман'),
(71, 'Алън Мур'),
(72, 'Дейв Гибънс'),
(73, 'Дейвид Лойд'),
(74, 'Нийл Геймън'),
(75, 'Макс Бралиър'),
(76, 'Франк Милър'),
(77, 'Брайън К. Вон'),
(78, 'Фиона Стейпълс'),
(79, 'Маржан Сатрапи'),
(80, 'Брайън Лий О\'Мали'),
(81, 'Майк Миньола'),
(82, 'Чарлз Дюиг'),
(83, 'Евелин Триболи'),
(84, 'Елизабет Ресч'),
(85, 'Памела Дракърман'),
(86, 'Джон Готман'),
(87, 'Даниел Сийгъл'),
(88, 'Тина Пейн Брайсън'),
(89, 'Робин Скинър'),
(90, 'Джон Клийз'),
(91, 'Д-р Хаим Гинът'),
(92, 'Бесел ван дер Колк'),
(93, 'Ла Лече Лига'),
(94, 'Даниел Канеман'),
(95, 'Екхарт Толе'),
(96, 'Густав Льобон'),
(97, 'Даниел Голман'),
(98, 'Джон Грей'),
(99, 'Брене Браун'),
(100, 'Дейл Карнеги'),
(101, 'Хорхе Букай'),
(102, 'Ален де Ботон'),
(103, 'Далай Лама'),
(104, 'Хауърд Кътлър'),
(105, 'Ювал Ноа Харари'),
(106, 'Джаред Даймънд'),
(107, 'Нийл Фъргюсън'),
(108, 'Умберто Еко'),
(109, 'Бил Брайсън'),
(110, 'Ерик Уайнър'),
(111, 'Ейми Чуа'),
(112, 'Самюъл Хънтингтън'),
(113, 'Доминик Моаси'),
(114, 'Ернст Гомбрих'),
(115, 'Майкъл Фрийман'),
(116, 'Рудолф Арнхайм'),
(117, 'Андреа Бочели'),
(118, 'Шарлот Котън'),
(119, 'Дейвид Мамет'),
(120, 'Доналд Граут'),
(121, 'Клод Палиска'),
(122, 'Елизабет Лундбърг'),
(123, 'Майкъл Кьониг'),
(124, 'Андрей Тарковски'),
(125, 'Норман Винсънт Пийл'),
(126, 'Пол Дейвис'),
(127, 'Уилям Пол Йънг'),
(128, 'Чарлз Тарт'),
(129, 'Беинса Дуно'),
(130, 'Клеър Хамилтън'),
(131, 'Стийв Еди'),
(132, 'Сун Дзъ'),
(133, 'Лоран Гунел'),
(134, 'Йеспер Юл'),
(135, 'Д-р Уейн Дайър'),
(136, 'Тим Ву'),
(137, 'Бил Гейтс'),
(138, 'Робърт Кийосаки'),
(139, 'Питър Дракър'),
(140, 'Маркъс Бъкингам'),
(141, 'Кърт Кофман'),
(142, 'Лорейн Грабс Уест'),
(143, 'Джим Колинс'),
(144, 'Уилям Лазиер'),
(145, 'Дош'),
(146, 'Макгрегър'),
(147, 'Максим Батирев'),
(148, 'Уил Кокръл'),
(149, 'Галя Щърбева'),
(150, 'Ваня Василева'),
(151, 'Патриша Шулц'),
(152, 'Джулия Камерън'),
(153, 'Ален де Ботон'),
(154, 'Виолета Цветкова, Владимир М. Николов'),
(155, 'Вера Николова'),
(156, 'Атанас Казаков'),
(157, 'Ефрем Ефремов'),
(158, 'Майкъл Е. Сойър');

-- --------------------------------------------------------

--
-- Table structure for table `books`
--

CREATE TABLE `books` (
  `id` int(11) NOT NULL,
  `title` varchar(255) NOT NULL,
  `author_id` int(11) NOT NULL,
  `genre_id` int(11) NOT NULL,
  `price` decimal(10,2) NOT NULL,
  `rating` int(11) NOT NULL,
  `image` varchar(255) DEFAULT NULL,
  `description` text DEFAULT NULL,
  `stock` int(11) NOT NULL DEFAULT 0
) ENGINE=InnoDB DEFAULT CHARSET=utf8mb4 COLLATE=utf8mb4_general_ci;

--
-- Dumping data for table `books`
--

INSERT INTO `books` (`id`, `title`, `author_id`, `genre_id`, `price`, `rating`, `image`, `description`, `stock`) VALUES
(1, 'Домашна биоградина: Съвети за начинаещи градинари', 1, 1, 14.99, 3, 'bio_garden.jpg', 'Тази книга предоставя практично ръководство за създаване и поддържане на екологична градина у дома, като се фокусира върху органичните методи на отглеждане. Описани са основните стъпки – от подготовката на почвата и създаването на компост до избора на подходящи растения и естествени техники за торене. Включени са ефективни начини за защита на културите от вредители и болести чрез използване на природосъобразни средства като билкови отвари и полезни насекоми. Разглеждат се също така напояването, мулчирането и сеитбооборотът, които допринасят за поддържането на здрава и плодородна почва. Чрез практически примери и вдъхновяващи истории се показва, че всеки може да създаде своя собствена биоградина, независимо от наличното пространство.', 10),
(2, 'Наръчник по екологично градинарство', 2, 1, 18.50, 4, 'eco_gardening.jpg', 'Тази книга представя основните принципи на природосъобразното градинарство, като акцентира върху създаването на устойчиви и самоподдържащи се екосистеми. Описани са методи за подобряване на почвата чрез компостиране, мулчиране и използване на зелено торене, които подпомагат естественото плодородие. Включени са техники за борба с вредителите и болестите по растенията чрез биологични средства, като например полезни насекоми и отвари от билки. Разгледани са начини за ефективно напояване, оптимално разпределение на растенията и планиране на градината според принципите на пермакултурата. Освен практически съвети, книгата съдържа вдъхновяващи примери за успешни екологични градини, които доказват, че природосъобразният подход е не само полезен, но и продуктивен.', 8),
(3, 'Орхидеи', 4, 1, 20.00, 5, 'orchids.jpg', 'Тази книга разкрива тайните на отглеждането и грижата за едни от най-красивите и екзотични цветя в света. Подробно са описани различните видове орхидеи, техните специфични изисквания към светлина, влажност и температура, както и подходящите методи за торене. Включени са ценни насоки за пресаждане, размножаване и поддържане на здрави растения, като се обръща специално внимание на предотвратяването и лечението на заболявания. Представени са техники за стимулиране на цъфтежа, както и съвети за избор на подходящи съдове и субстрати за различните видове. Чрез богат илюстративен материал читателят може да се запознае с особеностите на всяка разновидност и да създаде перфектните условия за тяхното развитие.', 12),
(4, 'Резитба и облагородяване на овощни дървета и храсти', 5, 1, 22.99, 5, 'tree_pruning.jpg', 'Книгата предлага изчерпателно ръководство за правилната резитба и присаждане на овощни дървета и храсти, което спомага за по-добрия им растеж и по-висок добив. Разяснени са основните техники за формираща, поддържаща и подмладяваща резитба, както и най-доброто време за тяхното извършване. Подробно са описани различните методи за облагородяване, включително копулация, окулиране и присаждане на калеми, като всяка техника е илюстрирана за по-голяма яснота. Дадени са конкретни препоръки за отделните овощни видове, съобразени с техните специфични нужди и особености на развитие. Освен теоретичната част, книгата съдържа практически примери и полезни съвети за постигане на здрави и продуктивни градини.', 7),
(5, 'Градински цветя', 7, 1, 19.99, 1, 'garden_flowers.jpg', 'Тази книга е изчерпателно ръководство за разнообразието от цветя, които могат да се отглеждат в градината, като се обръща внимание на тяхната естетическа и декоративна стойност. Описани са различни видове многогодишни и едногодишни цветя, техните изисквания към почвата, светлината и напояването, както и най-добрите условия за тяхното отглеждане. Разгледани са методи за комбиниране на различни цветя с цел създаване на хармонични цветни композиции през различните сезони. Включени са съвети за предпазване от болести и вредители, както и начини за удължаване на периода на цъфтеж. Чрез детайлни описания и богата фотографска селекция, книгата вдъхновява градинарите да създадат пъстри и живописни цветни лехи.', 15),
(6, 'Наръчник за любителя градинар', 8, 1, 16.50, 2, 'gardener_guide.jpg', 'Това практическо ръководство предоставя основни знания за градинарството, подходящи както за начинаещи, така и за напреднали ентусиасти. Разгледани са важни теми като обработка на почвата, избор на растения, напояване, торене и защита от вредители. Описани са различни методи за засаждане и размножаване, включително най-добрите техники за отглеждане на зеленчуци, плодове и декоративни растения. Включени са сезонни препоръки за поддържане на градината през цялата година, както и идеи за създаване на красиви и функционални градински пространства. Освен практическите съвети, книгата предоставя вдъхновяващи истории и полезни трикове за по-ефективно градинарство.', 10),
(7, 'Палми', 9, 1, 21.99, 4, 'palms.jpg', 'Тази книга представя богатото разнообразие от палмови видове и тяхното успешно отглеждане в различни климатични условия. Обяснени са специфичните изисквания на палмите към светлина, влага и почва, както и най-подходящите методи за тяхното торене и напояване. Разгледани са начини за размножаване чрез семена и вегетативни методи, както и правилни техники за пресаждане и поддържане на здрави растения. Описани са често срещаните болести и вредители, заедно с природосъобразни методи за тяхното овладяване. Чрез детайлни описания и цветни илюстрации читателят може лесно да избере подходящите видове палми за своя дом, градина или оранжерия.', 8),
(8, 'Кактуси', 10, 1, 17.50, 3, 'cactus.jpg', 'Книгата предоставя полезна информация за различните видове кактуси, техния естествен хабитат и начините за успешно отглеждане в домашни условия. Описани са основните изисквания за светлина, почва и поливане, както и най-добрите техники за размножаване чрез семена и резници. Включени са съвети за справяне с болести и вредители, както и методи за стимулиране на цъфтежа при някои видове. Подробно са разгледани декоративните възможности на кактусите и тяхната употреба в интериорния и екстериорния дизайн. С помощта на богат илюстративен материал читателите могат да се вдъхновят за създаването на красиви и екзотични колекции.', 12),
(9, 'Балконски цветя', 11, 1, 15.99, 5, 'balcony_flowers.jpg', 'Тази книга е идеалният наръчник за всички, които искат да превърнат балкона си в цветен и уютен кът за отдих. Представени са различни видове цветя, подходящи за отглеждане в контейнери и саксии, както и съвети за тяхното правилно комбиниране. Описани са техники за торене, поливане и поддръжка на растенията, за да се осигури обилен и продължителен цъфтеж. Разгледани са идеи за вертикално озеленяване и оптимално използване на ограниченото пространство. Чрез практически примери и красиви илюстрации книгата вдъхновява любителите на цветята да създадат живописен и хармоничен балкон.', 14),
(10, 'Бонсаи', 12, 1, 24.99, 5, 'bonsai.jpg', 'Тази книга представя изкуството на бонсаите, като обяснява стъпка по стъпка как да се създаде и поддържа миниатюрно дърво. Разгледани са различните стилове и техники за оформяне, включително резитба, телене и прищипване, които помагат за създаването на хармонични форми. Описани са правилните условия за отглеждане, като светлина, влажност и почва, необходими за здравословното развитие на дърветата. Включени са съвети за поливане, подхранване и справяне с болести и вредители, които могат да засегнат миниатюрните растения. Със своите детайлни инструкции и вдъхновяващи примери, книгата е чудесно ръководство както за начинаещи, така и за напреднали любители на бонсаите.', 6),
(11, 'Дюн', 13, 2, 25.99, 3, 'dune.jpg', 'Тази книга разказва епичната история на младия Пол Атреидис, който се оказва въвлечен в сложна политическа интрига и битка за власт върху пустинната планета Аракис. Разгледани са теми като екология, религия и социални структури, докато героите се борят за контрол над ценния ресурс – подправката меланж. Главният герой преминава през дълбока личностна трансформация, изправяйки се пред пророчества и съдбоносни решения, които ще променят цялата вселена. Впечатляващите описания на суровите природни условия, културата на свободните хора – фремените, и сложните взаимоотношения между благородническите домове допринасят за дълбочината на разказа. Историята е едновременно философска и приключенска, поставяйки въпроси за съдбата, лидерството и човешката природа.', 15),
(12, 'Играта на Ендър', 14, 2, 19.99, 2, 'ender_game.jpg', 'Тази книга проследява историята на младия гений Ендър Уигин, който е избран да се обучава във военно училище, за да стане спасителят на човечеството в предстоящата война срещу извънземната раса на насекомоподобните. Обучението му се състои от симулирани битки, стратегически предизвикателства и психологически натиск, които го подготвят за решителния момент. Постепенно той осъзнава тежестта на поставената върху него отговорност и сложните манипулации, на които е подложен от възрастните. Разглеждат се теми като морал, саможертва и границите на военната стратегия, докато Ендър се бори да запази своята човечност. Развръзката поставя дълбоки въпроси за войната, манипулацията и етиката на използването на гениални деца като оръжие.', 10),
(13, 'Властелинът на пръстените', 15, 2, 29.99, 4, 'lotr.jpg', 'Историята проследява пътешествието на младия хобит Фродо Бегинс, който получава съдбовната задача да унищожи всевластния Пръстен в огньовете на Мордор. По пътя си той среща множество съюзници и врагове, включително хора, елфи, джуджета и страховити орки, които играят ключова роля в битката между доброто и злото. Светът на Средната земя е изключително детайлно изграден, като съдържа сложна история, митология и култури, които обогатяват разказа. Темите за приятелството, саможертвата и борбата със собствените страхове са в основата на епичната сага, докато героите се изправят срещу изкушението и тежестта на съдбата. Развитието на действието води до драматичен финал, който завинаги променя съдбата на героите и света, в който живеят.', 20),
(14, 'Песен за огън и лед', 16, 2, 27.50, 1, 'game_of_thrones.jpg', 'Тази мащабна сага проследява сложните политически и военни интриги в измисления свят на Вестерос, където различни благороднически домове се борят за власт и влияние. Историята е разказана чрез гледните точки на множество герои, всеки от които има свои амбиции, цели и изпитания, които трябва да преодолее. Основните теми включват предателство, чест, амбиция и разрушителната сила на войната, докато светът е застрашен не само от човешките конфликти, но и от мистичните сили на Севера. Детайлната политическа игра, реалистичните взаимоотношения между персонажите и неочакваните обрати правят историята едновременно епична и драматична. Разказът се отличава с дълбочина, реализъм и непредвидими развръзки, които държат читателя в напрежение до последната страница.', 18),
(15, '1984', 17, 2, 18.99, 5, '1984.jpg', 'Тази антиутопична история представя свят, в който тоталитарното управление контролира всяка част от живота на гражданите, а свободната мисъл е престъпление. Главният герой, Уинстън Смит, се опитва да се противопостави на системата и да открие истината, но е постоянно наблюдаван от Големия брат и неговите агенти. Технологиите за наблюдение, пропагандата и изкривяването на реалността се използват като средства за контрол, а обществото е изградено върху страх и подчинение. Книгата разглежда теми като манипулация, загуба на личността и начините, по които властта потиска и променя съзнанието на хората. Историята е мрачна, но и предупредителна, представяйки възможните последици от абсолютния контрол над обществото.', 20),
(16, '451 по Фаренхайт', 18, 2, 17.50, 3, 'fahrenheit_451.jpg', 'В този антиутопичен свят книгите са забранени, а пожарникарите не гасят пожари, а изгарят литературни произведения, за да поддържат контрола на правителството върху обществото. Главният герой, Гай Монтег, започва да се съмнява в системата и да търси смисъла на литературата, което го изправя срещу авторитарния режим. Постепенно той осъзнава силата на словото и необходимостта от свободно мислене, докато се опитва да избяга от контрола на обществото. Историята разглежда теми като цензура, културен упадък и последствията от подчинението на масовата култура. Книгата е силна критика към съвременното общество и неговата склонност към повърхностност и манипулация.', 18),
(17, 'Хиперион', 19, 2, 22.99, 4, 'hyperion.jpg', 'Тази епична научнофантастична история проследява пътуването на група поклонници към мистериозната планета Хиперион, където се намира загадъчното същество Шрайка. Всеки от героите има своя собствена история, която разкрива различни аспекти на този сложен свят, пълен с политически интриги, религиозни мистерии и технологични чудеса. Разказът комбинира философия, митология и научни теории, създавайки многопластова и вълнуваща вселена. Темите за съдбата, вярата и силата на разказа като средство за търсене на истината са в основата на историята. Книгата се отличава със сложна структура и майсторски изградени герои, които остават в съзнанието на читателя дълго след прочита.', 12),
(18, 'Пътеводител на галактическия стопаджия', 20, 2, 16.99, 2, 'hitchhikers_guide.jpg', 'Тази сатирична научнофантастична история проследява приключенията на Артър Дент, който неочаквано напуска Земята малко преди тя да бъде унищожена. В компанията на ексцентрични извънземни и един депресиран робот, той пътува из Вселената, научавайки абсурдни истини за съществуването. Разказът е изпълнен с хумор, остроумни диалози и неочаквани философски прозрения, които поставят под въпрос смисъла на живота, Вселената и всичко останало. Книгата е пародия на научната фантастика, но и интелигентна критика към човешкото общество и неговите недостатъци. Лекотата на разказа, съчетана с дълбоки идеи, я прави незабравимо и забавно четиво.', 25),
(19, 'Франкенщайн', 21, 2, 15.99, 5, 'frankenstein.jpg', 'Тази класическа готическа история разказва за младия учен Виктор Франкенщайн, който успява да създаде живо същество от мъртви тъкани, но скоро осъзнава ужасяващите последици от своя експеримент. Съществото, което създава, е интелигентно, но отхвърлено от обществото заради своя ужасяващ външен вид, което го тласка към отчаяние и гняв. Разказът изследва темите за научния прогрес и неговите морални граници, самотата и човешката отговорност към собствените създания. Историята проследява конфликта между създател и създание, като поставя философски въпроси за естеството на живота и последствията от амбицията. Готическата атмосфера, емоционалната дълбо', 14),
(20, 'Сиянието', 22, 2, 20.99, 4, 'shining.jpg', 'Този психологически хорър проследява историята на писателя Джак Торънс, който заедно със семейството си се премества в уединен хотел, за да работи като негов пазач през зимния сезон. Постепенно хотелът разкрива своята зловеща страна, влияейки на ума на Джак и засилвайки тъмните му наклонности, докато неговият син Дани, надарен с паранормални способности, усеща присъствието на злокобни сили. Атмосферата става все по-напрегната, докато свръхестествени явления и дълбоко лични демони завладяват хотел „Овърлук“ (а не „Панорама“), превръщайки го в капан без изход. Историята изследва теми като семейното насилие, алкохолизма, психичния разпад и границата между реалността и илюзията. Чрез майсторски изградена психологическа динамика и напрегнато повествование, този роман остава една от най-въздействащите и страховити истории в жанра.', 18),
(21, 'Убийство в Ориент експрес', 23, 3, 18.99, 3, 'orient_express.jpg', 'Тази заплетена детективска история проследява разследването на белгийския детектив Еркюл Поаро, който попада на убийство по време на пътуване с луксозния влак „Ориент Експрес“. Сред пътниците има множество подозрителни личности, всеки от които крие тайни и потенциален мотив за престъплението. Докато влакът е спрян в снега, Поаро разплита сложните взаимоотношения между героите и използва своята изключителна дедукция, за да стигне до шокиращо разкритие. Историята изследва теми като справедливост, морални дилеми и възмездие, като държи читателя в напрежение до самия край. Финалът предлага неочакван обрат, който преобръща традиционните представи за класическото разследване на убийство.', 20),
(22, 'Мълчанието на агнетата', 24, 3, 21.50, 3, 'silence_of_lambs.jpg', 'Този психологически трилър разказва за младата агентка на ФБР Кларис Старлинг, която се опитва да залови сериен убиец, като получава помощ от друг престъпник – харизматичния и зловещ д-р Ханибал Лектър. Тяхната интелектуална игра на манипулация и психологическо надлъгване създава напрегната атмосфера, в която Кларис трябва да балансира между разкриването на истината и запазването на своята психическа устойчивост. Историята е изпълнена с мрачни теми, включително човешката психопатология, извращенията на ума и границите на морала. Разследването я отвежда до ужасяващи разкрития, докато времето за спасяването на последната жертва на убиеца изтича. Този завладяващ трилър държи читателя в напрежение с изключителните си диалози, интензивна атмосфера и смразяващи обрати.', 18),
(23, 'Момичето с драконовата татуировка', 25, 3, 19.99, 2, 'dragon_tattoo.jpg', 'Тази интригуваща криминална история проследява разследването на журналиста Микаел Блумквист и загадъчната хакерка Лисбет Саландер, които се опитват да разкрият мистерията около изчезването на младо момиче от влиятелно семейство. Докато навлизат все по-дълбоко в случая, те се сблъскват с тъмни семейни тайни, корупция и ужасяващи престъпления. Историята представя Лисбет като уникален и сложен персонаж – брилянтен ум, но социално изолиран човек, който крие своите собствени травми. В основата на сюжета стоят темите за злоупотребата с власт, насилието над жените и търсенето на справедливост. Напрегнатото разследване и динамичното развитие на героите правят този роман едновременно интелектуален пъзел и мощен социален коментар.', 15),
(24, 'Шифърът на Леонардо', 26, 3, 22.99, 4, 'da_vinci_code.jpg', 'Тази мистериозна и динамична история проследява символиста Робърт Лангдън, който се оказва въвлечен в опасна конспирация, свързана със скрити послания в произведенията на Леонардо да Винчи. Докато разгадава древни кодове и тайни, той е преследван от различни групи, които искат да попречат на разкриването на една от най-големите тайни на човечеството. Сюжетът комбинира исторически факти, религиозни мистерии и съвременен трилър, като държи читателя в постоянно напрежение. Въпросите за вярата, знанието и силата на информацията са централни теми, които предизвикват размисъл и дискусии. Историята се развива с бързо темпо, изпълнена с неочаквани обрати и изненадващи разкрития.', 22),
(25, 'Големият сън', 27, 3, 16.99, 5, 'big_sleep.jpg', 'Тази класическа криминална история въвежда читателя в мрачния и опасен свят на частния детектив Филип Марлоу, който е нает да разследва сложен случай на изнудване. Докато навлиза все по-дълбоко в престъпния свят на Лос Анджелис, той се сблъсква с фатални жени, корумпирани полицаи и безскрупулни престъпници. Стилът на разказа е мрачен и изпълнен с саркастични диалози, характерни за ноар жанра, който създава атмосфера на цинизъм и морална неяснота. Темите за корупцията, моралния упадък и човешките слабости са вплетени в историята, като героят се оказва в свят, където истината и справедливостта са относителни понятия. Разказът е изключително интелигентно изграден, изпълнен с многопластови персонажи и сложни интриги.', 14),
(26, 'Психо', 28, 3, 17.99, 5, 'psycho.jpg', 'Този психологически трилър разказва за младата жена Мериън Крейн, която решава да избяга с откраднати пари и по време на своето бягство попада в уединения мотел „Бейтс“. Там тя среща загадъчния управител Норман Бейтс, който крие ужасяваща тайна, свързана с неговата мъртва майка. Историята се развива в напрегната атмосфера, изграждайки усещане за неизбежна опасност и психологически терор. Разказът изследва темите за психопатологията, двойствеността на личността и границите на лудостта, като води до шокираща развръзка. Със своята мрачна атмосфера и неочаквани обрати, този роман е един от най-емблематичните трилъри в литературата.', 12),
(27, 'Мистериозно убийство в Стайлс', 23, 3, 15.99, 4, 'styles_murder.jpg', 'Тази детективска история бележи първата поява на легендарния белгийски детектив Еркюл Поаро, който разследва мистериозното убийство на богата вдовица в английско имение. Сред заподозрените са нейното семейство, слугите и близките ѝ, всеки от които има своя тайна и потенциален мотив. Разследването се усложнява от множество фалшиви следи и умело прикрити улики, които Поаро разплита със своята ненадмината логика. Историята демонстрира класическата структура на криминалния роман, изпълнена с интриги, напрежение и интелигентно изградена мистерия. Финалът предоставя неочакван обрат, който затвърждава статута на Поаро като един от най-великите детективи в', 18),
(28, 'Мълчаливият пациент', 29, 3, 20.50, 1, 'silent_patient.jpg', 'Тази психологическа мистерия разказва за жена, която след като убива съпруга си, отказва да говори и остава мълчалива в психиатрична клиника. Психотерапевтът, който се опитва да разбере причините за престъплението, постепенно навлиза в сложния ѝ ум и разкрива шокиращи истини. Историята е изпълнена с напрежение, интриги и психологически обрати, които държат читателя в неведение до последната страница. Разглеждат се теми като травмата, потиснатите спомени и тънката граница между нормалното и лудостта. Финалът е неочакван и преобръща цялото възприятие за историята.', 17),
(29, 'Зовът на кукувицата', 30, 3, 19.50, 2, 'cuckoos_calling.jpg', 'Тази завладяваща криминална история проследява разследването на частния детектив Корморан Страйк, който се опитва да разкрие дали смъртта на известна супермодел е самоубийство или убийство. Докато се потапя в света на модата, славата и тайните на богатите, той открива множество противоречия и скрити улики, които водят до неочаквани разкрития. Историята представя не само класическа мистерия, но и дълбоко изграден главен герой – бивш военен, който се бори със собствените си демони и професионални предизвикателства. Сюжетът е изпълнен с напрежение, динамични диалози и сложни взаимоотношения, които поддържат интереса до самия край', 16),
(30, 'Изчезналата', 31, 3, 21.00, 4, 'gone_girl.jpg', 'Този психологически трилър разказва историята на Ник и Ейми Дън – на пръв поглед перфектна двойка, чийто живот се преобръща, когато Ейми внезапно изчезва в деня на тяхната годишнина. Докато полицията и медиите разследват случая, Ник се оказва основният заподозрян, а уликите срещу него започват да се трупат. Историята е разказана от двете гледни точки – на Ник в настоящето и на Ейми чрез нейния дневник, което създава напрежение и несигурност относно истината. Темите за манипулацията, образа в медиите и сложните взаимоотношения в брака са основни елементи в сюжета. Финалът е неочакван и психологически въздействащ, оставяйки читателя с усещането за дълбок морален и емоционален конфликт.', 18),
(31, 'Гордост и предразсъдъци', 32, 4, 16.99, 3, 'pride_prejudice.jpg', 'Тази класическа любовна история проследява сложните взаимоотношения между интелигентната и независима Елизабет Бенет и гордия, но честен господин Дарси. В центъра на разказа стоят темите за социалното положение, предразсъдъците и борбата между чувствата и разума в избора на партньор. Докато героите преминават през редица недоразумения и личностни конфликти, те постепенно осъзнават истинските си чувства и преодоляват собствените си заблуди. Историята е изпълнена с остроумни диалози, детайлно изградени характери и ярки социални наблюдения върху английското общество от епохата. Финалът носи удовлетворение и подчертава силата на любовта, способна да преодолее гордостта и предразсъдъците.', 25),
(32, 'Ана Каренина', 33, 4, 23.99, 4, 'anna_karenina.jpg', 'Тази драматична история разказва за трагичната съдба на Ана Каренина – аристократка, която се впуска в бурна любовна връзка с офицера Вронски, въпреки ограниченията на руското висше общество. Разкъсвана между дълга към семейството си и страстта, Ана постепенно се изолира от обществото и изпада в емоционална криза. В същото време романът проследява съдбата на други герои, като Левин, който търси истинския смисъл на живота и любовта. Основните теми включват морала, социалните норми, ревността и последствията от личните избори. Финалът е трагичен и разтърсващ, оставяйки читателя да размишлява върху сложната природа на любовта и човешките слабости.', 15),
(33, 'Отнесени от вихъра', 34, 4, 21.50, 5, 'gone_with_the_wind.jpg', 'Тази епична любовна история се развива на фона на Американската гражданска война и проследява живота на своенравната и амбициозна Скарлет О\'Хара. Въпреки че е влюбена в нежния и непостижим Ашли, тя постепенно осъзнава истинската си връзка с харизматичния и загадъчен Рет Бътлър. Разказът представя не само романтични взаимоотношения, но и борбата за оцеляване, адаптацията към новите реалности и силата на човешкия дух. Главната героиня се отличава със своята независимост и желание да контролира съдбата си, което я прави една от най-запомнящите се фигури в литературата. Историята завършва с болезнено осъзнаване и загуба, но и с надежда, че животът продължава напред.', 18),
(34, 'Тетрадката', 35, 4, 18.50, 2, 'notebook.jpg', 'Тази романтична история разказва за дългогодишната любов между Ноа и Али – двама души от различни социални слоеве, чиято връзка преминава през трудности и изпитания. Въпреки разделите и препятствията, тяхната любов остава жива, като спомените им са съхранени в една тетрадка, която Ноа чете на Али в напреднала възраст. Историята е едновременно затрогваща и емоционално заредена, разглеждайки темите за съдбата, спомените и силата на истинската любов. Разказът показва как любовта може да преодолее дори времето и болестта, превръщайки се в нещо вечно. Финалът е едновременно тъжен и красив, оставяйки усещане за дълбока свързаност и преданост.', 22),
(35, 'Мостовете на Медисън', 36, 4, 17.99, 5, 'bridges_madison.jpg', 'Тази интимна и разтърсваща история разказва за кратката, но изключително силна любовна връзка между фотографа Робърт Кинкейд и домакинята Франческа Джонсън. Срещата им е случайна, но променя живота им завинаги, поставяйки ги пред тежкия избор между страстта и семейния дълг. Историята е изпълнена с дълбоки размисли за неизживяните възможности, компромисите, които правим, и моментите, които остават незабравими. Разказът е пропит с меланхолия и нежност, представяйки любовта като нещо уникално и непредсказуемо. Финалът е емоционално въздействащ, подчертавайки силата на спомените и неизменното въздействие на истинската любов.', 14),
(36, 'Гордост', 37, 4, 16.50, 4, 'pride.jpg', 'Тази съвременна адаптация на класическата любовна история проследява живота на Зури Бенитес – горда и независима млада жена, която се противопоставя на промените в своя квартал. Когато семейството ѝ се сблъсква с богатото и привидно арогантно семейство Дарси, напрежението между тях нараства, но също така се разкриват нови емоции и привличане. Историята е едновременно социално ангажирана и романтична, разглеждайки темите за класовите различия, идентичността и преодоляването на предразсъдъците. Главната героиня е силен и съвременен образ, който представя нова перспектива върху вечната тема за любовта и самоуважението. Финалът е топъл и вдъхновяващ, доказвайки, че любовта може да преодолее всякакви различия.', 18),
(37, 'С дъх на канела', 38, 4, 19.50, 5, 'cinnamon_scent.jpg', 'Тази история съчетава романтика, семейни тайни и мистерия, като проследява съдбата на жена, която се връща в родния си град, за да разкрие миналото си. Докато се сблъсква със стари спомени и нови емоции, тя открива неочаквана любов и връзка със семейното си наследство. Историята е изпълнена с емоционални моменти, аромати на миналото и теми за прошката и новото начало. Атмосферата е топла и уютна, предавайки усещане за носталгия и любов, която преодолява времето. Финалът оставя читателя с чувство на удовлетворение и вяра в съдбата.', 17),
(38, 'Вината в нашите звезди', 39, 4, 20.00, 4, 'fault_stars.jpg', 'Тази трогателна история разказва за двама младежи, Хейзъл и Гас, които се влюбват, въпреки тежките болести, с които се борят. Връзката им е изпълнена с дълбоки философски размисли, хумор и силни емоции, докато двамата се опитват да намерят смисъл в живота си. Историята поставя въпроси за смъртта, любовта и наследството, което оставяме след себе си. Чрез искрените си и реалистични диалози, разказът не само трогва, но и вдъхновява. Финалът е емоционално разтърсващ, но в същото време красив, оставяйки читателя с усещане за дълбока връзка и значимост.', 16),
(39, 'Любов по време на холера', 40, 4, 22.00, 2, 'love_cholera.jpg', 'Тази епична любовна история проследява живота на Флорентино Ариса и Фермина Даза, чиято любов е подложена на изпитания през десетилетията. Докато Фермина се омъжва за друг, Флорентино търпеливо чака своя шанс, запазвайки чувствата си въпреки времето и обстоятелствата. Историята е изпълнена с поетични описания, размисли за любовта, старостта и неизбежността на човешките емоции. Разказът представя любовта като нещо непреходно, което може да оцелее дори през десетилетия на разделение. Финалът е едновременно носталгичен и оптимистичен, подчертавайки силата на истинската преданост.', 18),
(40, 'П.С. Обичам те', 41, 4, 19.99, 3, 'ps_i_love_you.jpg', 'Тази емоционална история разказва за младата жена Холи, която получава писма от починалия си съпруг, помагащи ѝ да продължи напред. Всяко писмо съдържа послание и задача, които я насочват към преоткриване на живота, щастието и себе си. Историята е едновременно тъжна и вдъхновяваща, показвайки как любовта може да остане жива дори след загубата. Разказът е пропит с емоции, хумор и надежда, предавайки посланието, че животът продължава. Финалът е топъл и окуражаващ, оставяйки читателя с усещане за ново начало. През цялото си пътуване Холи открива нови приятелства, преодолява страховете си и осъзнава, че любовта може да приеме различни форми, но никога не изчезва напълно.', 20),
(41, 'Престъпление и наказание', 42, 5, 19.99, 4, 'crime_and_punishment.jpg', 'Тази психологическа драма разказва за бедния студент Расколников, който извършва убийство, вярвайки, че е над моралните закони и има право да решава съдбата на другите. След престъплението обаче той изпада в психологически кошмар, измъчван от угризения, страх и вътрешна борба. Историята представя сложен размисъл върху темите за вината, изкуплението, нравствените дилеми и социалното неравенство. Чрез сблъсъка между философията на Расколников и човешките му чувства, романът разкрива дълбочината на психологията и моралните граници на човешките действия. Финалът подчертава възможността за духовно прераждане и значението на любовта и прошката.', 20),
(42, 'Сто години самота', 40, 5, 21.50, 5, 'one_hundred_years.jpg', 'Тази епична история проследява живота на няколко поколения от рода Буендия в митичния град Макондо, преплитайки реалност и фантазия в изключително богат и поетичен разказ. Чрез необикновени събития, магически реализъм и колоритни герои, разказът изследва теми като съдбата, самотата, властта и кръговрата на историята. Героите са белязани от повтарящи се грешки, неразбрана любов и търсене на смисъл в един свят, изпълнен с магия и трагедия. Сюжетът е изпълнен с мистични елементи, символика и философски размишления, които придават на историята универсален и вечен характер. Финалът разкрива неизбежния край на рода и показва, че човешката съдба е предначертана и неумолима.', 18),
(43, 'Великият Гетсби', 43, 5, 17.99, 4, 'great_gatsby.jpg', 'Тази история представя бляскавия, но измамен свят на 20-те години в Америка, където амбицията, богатството и любовта се преплитат в трагична съдба. Главният герой, загадъчният и богат Джей Гетсби, организира пищни партита с надеждата да си върне изгубената любов – красивата, но повърхностна Дейзи. Историята е разказана през погледа на неговия приятел Ник Карауей, който става свидетел на илюзиите, самотата и падението на главния герой. Темите за американската мечта, моралната деградация и човешките заблуди са в основата на разказа, който разкрива разочарованията на една епоха. Финалът подчертава преходността на времето и невъзможността да се върне миналото, независимо от усилията.', 22),
(44, 'Майстора и Маргарита', 44, 5, 22.99, 5, 'master_and_margarita.jpg', 'Тази многопластова история преплита реалността с мистицизма, разказвайки за загадъчната поява на Дявола в Москва и хаоса, който той предизвиква сред елита на обществото. Втора сюжетна линия представя драматичната любовна история между Майстора – писател, преследван заради романа си, и Маргарита, която е готова на всичко, за да му помогне. Романът поставя философски въпроси за истината, силата на изкуството, морала и свободната воля, съчетавайки сатира, хумор и дълбока емоционалност. Чрез сложните си символи и препратки към библейски сюжети, разказът предизвиква размисъл върху границите между доброто и злото. Финалът е загадъчен и магичен, подчертавайки вечната борба между силите на светлината и мрака.', 16),
(45, 'На изток от рая', 45, 5, 20.50, 5, 'east_of_eden.jpg', 'Тази мащабна семейна сага проследява живота на две поколения от фамилията Траск, изследвайки вечната борба между доброто и злото. Разказът представя сложните отношения между братя и бащи, любовта, завистта и човешките слабости, вдъхновени от библейската история за Каин и Авел. Героите преминават през трудни житейски избори, които определят тяхната съдба и поставят въпроса за свободната воля. Дълбочината на емоциите и философските размисли за човешката природа правят историята едновременно лична и универсална. Финалът оставя посланието, че всеки човек има силата да избере собствения си път, независимо от наследството си.', 19),
(46, 'Чужденецът', 46, 5, 15.99, 4, 'stranger.jpg', 'Тази кратка, но дълбоко философска история разказва за живота на Мерсо – човек, който живее без емоции и социални условности, воден само от физическите си нужди и обстоятелствата. След като убива човек по напълно безразличен начин, той е осъден, но продължава да приема съдбата си без съжаление. Историята поставя въпроси за смисъла на живота, абсурда на съществуването и безсмислието на обществените норми. Студеният и отчужден тон на разказа засилва усещането за безсмислие и екзистенциална пустота. Финалът подчертава пълното приемане на абсурдната реалност и неизбежността на смъртта.', 14),
(47, 'Мидълмарч', 47, 5, 18.50, 5, 'middlemarch.jpg', 'Тази сложна и социално ангажирана история разглежда живота на обитателите на малкия град Мидълмарч, разкривайки разнообразни човешки съдби и взаимоотношения. Главната героиня, Доротея Брук, е интелигентна и идеалистична млада жена, която търси смисъл в живота, но прави грешки в любовта и брака. Романът изследва темите за социалните норми, женската независимост и моралните дилеми, като представя автентичен портрет на английското общество от 19-ти век. Разказът впечатлява с дълбоки психологически портрети, богат език и наблюдателност към човешките слабости. Финалът е реалистичен и показва как личните амбиции и мечти често се сблъскват с ограниченията на реалността.', 13),
(48, 'Към фара', 48, 5, 16.99, 5, 'to_the_lighthouse.jpg', 'Тази модернистична история изследва сложните взаимоотношения между членовете на едно семейство, като проследява техните мисли, емоции и неизречени чувства. Разказът е фрагментиран и изграден чрез вътрешните монолози на героите, които разкриват дълбоки размисли за времето, загубата и преходността. Чрез символичното пътуване към фара, романът представя философски теми за търсенето на смисъл и невъзможността да достигнем напълно другия човек. Лиричният стил и потокът на съзнанието създават медитативно и емоционално преживяване. Финалът подчертава неизбежното преминаване на времето и крехката природа на човешките стремежи.', 12),
(49, 'Джейн Еър', 49, 5, 19.99, 2, 'jane_eyre.jpg', 'Тази история разказва за живота на Джейн – интелигентна и независима млада жена, която преодолява трудности, за да намери любов и самоуважение. Нейната връзка с мистериозния господин Рочестър е изпълнена с изпитания, тайни и морални дилеми. Темите за женската сила, свободата и социалното неравенство са основни в разказа, като героинята се бори за своята независимост. Историята е едновременно романтична и вдъхновяваща, представяйки любовта като равнопоставен съюз между две силни личности. Финалът носи удовлетворение, подчертавайки значението на самоуважението и истинската връзка.', 17),
(50, 'Брулени хълмове', 50, 5, 18.99, 5, 'wuthering_heights.jpg', 'Тази мрачна и страстна история разказва за трагичната любов между Хийтклиф и Катрин – двама души, чиято връзка е изпълнена с бурни емоции, гордост и неутолима жажда за притежание. Разделени от социални норми и горчиви решения, те се оказват пленници на собствените си чувства, като всяко тяхно действие води до болка и разрушение не само за тях, но и за поколенията след тях. Хийтклиф, движен от любов и отмъщение, посвещава живота си на това да отмъсти на онези, които смята за виновни за неговата загуба, но в крайна сметка се превръща в пленник на своята болка и ненавист. Историята е изпълнена с готическа атмосфера, мистериозни събития и символика, която подчертава вечната връзка между любовта и смъртта, природата и съдбата. Финалът носи усещане за неизбежност, но и за своеобразно духовно избавление, като внушава, че дори най-бурните чувства намират покой в отвъдното.', 15),
(51, 'Под игото', 51, 6, 18.99, 5, 'pod_igoto.jpg', 'Тази епична историческа повест разказва за българското общество по време на османското владичество и борбата за национално освобождение. Главният герой, Бойчо Огнянов, е революционер, който се завръща в родния си град, за да подготви бунта срещу поробителите, но се сблъсква с предателства, страх и лични драми. Историята представя различни социални слоеве – от патриотите, готови да жертват живота си, до тези, които се колебаят или предават заради лична изгода. В разказа се преплитат любовна интрига, героизъм и трагедия, като героите преминават през изпитания, които разкриват тяхната истинска същност. Финалът е драматичен и символичен, показвайки жестокостта на робството и жертвите, които народът прави в името на свободата.', 20),
(52, 'Тютюн', 52, 6, 21.50, 4, 'tobacco.jpg', 'Тази мащабна социално-психологическа история проследява съдбата на Борис Морев – амбициозен млад мъж, който преминава през безскрупулни борби за власт и влияние в тютюневата индустрия. Паралелно с неговото издигане, романът представя и съдбата на Ирина – жена, която се колебае между любовта и амбицията, докато губи илюзиите си за живота. Историята разглежда темите за социалното неравенство, моралната деградация и влиянието на капиталистическите интереси върху човешките съдби. Чрез богатия си набор от герои, романът рисува картина на едно разпадащо се общество, в което идеалите отстъпват пред жестоката реалност. Финалът е трагичен и разкрива неизбежния сблъсък между личните желания и суровата действителност.', 18),
(53, 'Железният светилник', 53, 6, 19.99, 3, 'zhelezniyat_svetilnik.jpg', 'Тази историческа сага разказва за българското Възраждане чрез съдбата на един малък град и неговите жители, борещи се за просвета, самостоятелност и културна идентичност. Главната героиня, Султана, е силна и волева жена, която се стреми да съхрани семейните ценности, но се сблъсква със съпротивата на новото поколение. Историята проследява сложните взаимоотношения между традициите и модерността, личните амбиции и обществените промени, като поставя въпроса за цената на прогреса. Атмосферата на романа е наситена с патриотизъм, напрежение и драматични събития, които предвещават големите промени в българското общество. Финалът носи усещане за ново начало, но и за неизбежните жертви, които всеки преход изисква.', 22),
(54, 'Бай Ганьо', 54, 6, 15.99, 4, 'bai_ganjo.jpg', 'Тази сатирична книга представя колоритния образ на Бай Ганьо – предприемчив, но необразован и хитър българин, който пътува из Европа и демонстрира едновременно находчивост и примитивност. Историята осмива негативните черти на българския характер – алчността, егоизма и липсата на културни обноски, като ги съчетава с комични, но и горчиви ситуации. Разказът проследява как героят опитва да се впише в чуждата култура, но в крайна сметка не успява да се адаптира и запазва своите навици. Втората част на книгата разглежда политическите му амбиции и показва как същите пороци се проявяват и в обществения живот на България. Финалът оставя читателя с размисъл за неизменните слабости на човешката природа и трудностите пред националното израстване.', 24),
(55, 'Време разделно', 55, 6, 23.99, 3, 'vreme_razdelno.jpg', 'Тази драматична историческа сага разказва за тежките времена на насилствена ислямизация в българските земи през османското владичество. В центъра на историята стои трагичният избор на героите – да запазят вярата си и да загинат или да приемат новата религия и да загубят своята идентичност. Разказът е изпълнен с напрежение, жестокост и емоционални конфликти, които представят дълбочината на човешкото страдание и силата на духа. Историята поставя въпроси за морала, предателството, честта и саможертвата, като показва сложността на изборите, пред които се изправят хората. Финалът е разтърсващ и носи послание за силата на вярата и неизбежността на историческите промени.', 16),
(56, 'Крадецът на праскови', 56, 6, 17.50, 2, 'kradec_na_praskovi.jpg', 'Тази романтична и трагична история разказва за забранената любов между българка и сръбски военнопленник по време на Първата световна война. В свят, разкъсван от войната и предразсъдъците, техните чувства се превръщат в символ на копнежа за свобода и човешка близост. Любовта им, колкото красива, толкова и обречена, разкрива конфликта между дълга, обществото и личното щастие. Историята е наситена с носталгия, нежност и неизбежно предчувствие за трагичен край. Финалът е разтърсващ и оставя дълбок емоционален отпечатък, подчертавайки безмилостната реалност на историческите събития.', 18),
(57, 'Записки по българските въстания', 57, 6, 20.99, 4, 'zapiski_vustaniya.jpg', 'Тази документална хроника разказва за борбата на българския народ срещу османското владичество чрез спомените на очевидец, който е бил част от тези съдбовни събития. Историята е изпълнена с драматични описания на въстанията, героизма на бунтовниците и тежките изпитания, през които преминава народът. Разказът е не само исторически запис, но и емоционална изповед за надеждата, отчаянието и саможертвата на революционерите. Авторът представя автентичен поглед върху реалните събития, като съчетава патриотичен плам с критична оценка на грешките и слабостите на въстаническите движения. Финалът е урок по история и напомняне за цената на свободата, запазена в паметта на поколенията.', 14),
(58, 'Пътуване към себе си', 58, 6, 16.99, 5, 'putuvane_kum_sebe_si.jpg', 'Тази философска и емоционална книга представя вътрешното търсене на идентичност, смисъл и самопознание. Героят преминава през житейски изпитания, срещи и прозрения, които го водят към по-дълбоко разбиране на себе си и своето място в света. Историята разглежда темите за израстването, личните избори и неизбежните промени, които животът носи. Разказът е изпълнен с поетичност и размисли, като насърчава читателя да се замисли върху своя собствен път. Финалът оставя усещане за завършеност и духовно израстване, напомняйки, че истинското пътуване често е вътрешно.', 12),
(59, 'Жажда', 59, 6, 18.50, 4, 'zhazda.jpg', 'Тази модерна и емоционално наситена история разказва за жаждата за любов, свобода и истински живот. Главната героиня преминава през поредица от изпитания, които я карат да се изправи срещу страховете си и да открие силата в себе си. Историята е изпълнена с дълбоки емоции, човешки драми и моменти на прозрение, които разкриват крехкостта и красотата на човешките взаимоотношения. Разказът поставя въпроса за истинската същност на щастието и свободата, докато героинята преоткрива собствената си стойност. Финалът е едновременно тъжен и обнадеждаващ, оставяйки усещане за ново начало и вяра в бъдещето.', 17),
(60, 'Нишка', 60, 6, 19.50, 4, 'nishka.jpg', 'Тази мистична и философска история преплита съдби, минало и настояще, за да разкрие тайни, които променят всичко. Главният герой тръгва на пътешествие, воден от загадъчна нишка, която го отвежда до неподозирани истини за самия него и света около него. Разказът изследва връзката между съдбата, личния избор и невидимите нишки, които свързват хората по неведом начин. Атмосферата е наситена с мистерия и размисли върху времето, любовта и смисъла на живота. Финалът носи удовлетворение и усещане за завършеност, като разкрива скритите връзки между миналото, настоящето и бъдещето.', 15),
(61, 'Записки от Шато Лакрот', 61, 7, 18.99, 3, 'zapiski_shato_lakrot.jpg', 'В едно старинно френско имение, където времето сякаш е спряло, група ексцентрични герои се събират, за да преживеят поредица от забавни, но и абсурдни ситуации. Разказът е изпълнен с остроумни диалози, сатирични наблюдения и неочаквани обрати, които иронизират както аристократичния начин на живот, така и съвременното общество. Дребни скандали, любовни интриги и странни недоразумения постепенно разкриват скритите лица на героите, а хуморът варира от изискано остроумен до неподправено комичен. Историята предлага интелигентна сатира на човешките слабости, вплетена в увлекателен и забавен разказ, който държи читателя в напрежение до последната страница.', 10),
(62, 'Дневникът на един дръндьо', 62, 7, 14.99, 4, 'dnevnik_drandyo.jpg', 'Главният герой е обикновено момче, което води личен дневник, изпълнен с неговите преживявания, мисли и забавни коментари за ежедневието му. В хумористичен и леко ироничен стил се проследяват приключенията му в училище, взаимоотношенията с приятели и семейството, както и отчаяните му опити да стане по-популярен. Разказът е изпъстрен с комични ситуации, неразбирателства и малки провали, които обаче са представени с неповторима самоирония. Илюстрациите допълват историята, като предават още повече настроение и правят всяка страница още по-забавна. Въпреки лековатия си стил, книгата умело пресъздава реалността на детството и предизвикателствата на порастването.', 15),
(63, 'Шведското изкуство да остаряваш жизнерадостно', 63, 7, 16.50, 5, 'shvedsko_izkustvo.jpg', 'Историята предлага мъдри и вдъхновяващи размисли за начина, по който хората възприемат старостта и житейските промени, които идват с нея. Чрез спокоен и изпълнен с философски нотки разказ се представят различни стратегии за приемане на остаряването като естествен и дори красив процес. Авторът предлага практични съвети и примери от живота в Швеция, където минимализмът и хармонията с природата играят ключова роля. Подчертава се значението на малките удоволствия, благодарността и свободата, които идват с възрастта, вместо страховете, свързани с нея. Книгата е едновременно уютна, мотивираща и пълна с ценни житейски уроци, които могат да променят перспективата на читателя.', 12),
(64, 'Пътеводител на галактическия стопаджия', 64, 7, 20.00, 4, 'galactic_guide.jpg', 'Един напълно обикновен човек неочаквано се озовава в междузвезден хаос, след като планетата му е разрушена, и трябва да оцелява с помощта на странни, но находчиви спътници. Хумористичният и абсурден стил на разказа представя космоса като безкрайно нелепо и комично място, пълно с бюрократични недоразумения и непредсказуеми ситуации. Главният герой открива, че няма нищо по-важно от един добър справочник, който може да му даде безценни съвети за оцеляване в една безразлична и понякога напълно неразбираема вселена. Историята се развива с динамичен ритъм, изпълнена е с остроумни диалози, странни технологии и философски въпроси, поставени по изключително забавен начин. В края остава усещането, че абсурдът е не просто част от живота, а неговата същност.', 8),
(65, 'Приключенията на добрия войник Швейк', 65, 7, 17.99, 3, 'shveik.jpg', 'Историята проследява перипетиите на един добродушен, но находчив войник, който попада в абсурдния свят на военната бюрокрация. Главният герой се отличава със своеобразна „глуповата“ мъдрост и умение да манипулира системата, като се преструва на наивен, докато всъщност изобличава нейните несъвършенства. Разказът е изпълнен с комични ситуации, абсурдни диалози и неподправена ирония към военната машина и нейните безсмислени правила. Историята представя не само войната, но и цялата социална действителност през сатирична призма, където хаосът и нелепостта са движещата сила. Смехът, предизвикан от неволите на героя, носи със себе си и една дълбока критика на човешките системи и обществото като цяло.', 10),
(66, 'Тримата мускетари', 66, 7, 19.50, 1, 'trimata_musketeri.jpg', 'Един млад мъж с мечти за слава и приключения напуска родния си дом и се отправя към столицата, за да се докаже като истински воин. В бляскавия свят на френския двор той среща трима доблестни мускетари, с които се впуска в опасни, но славни битки, изпълнени с предателства, героизъм и романтични интриги. Историята е изпълнена с дуели, смели подвизи и политически заговори, които поставят приятелството и честта на изпитание. Всеки герой има своята уникална роля в тази феерия от емоции, драматични обрати и неочаквани съюзи. В основата на разказа стои вечната борба между любовта, дълга и предаността към приятелите.', 12),
(67, 'Дванадесетте стола', 67, 7, 18.00, 2, 'dvanadest_stola.jpg', 'В отчаян опит да намери изгубено съкровище, скрито в един от дванадесет стола, един неудачник и неговият хитър спътник се впускат в поредица от забавни и абсурдни приключения. По пътя си те срещат всевъзможни колоритни персонажи, всеки от които има свои собствени мечти и стремежи. Историята е пропита с остра социална сатира, осмиваща корупцията, човешката алчност и безсмислието на бюрокрацията. Смесвайки трагичното с комичното, героите попадат в редица нелепи ситуации, които подчертават абсурда на съветската действителност. Финалът, макар и неочакван, остава като горчива усмивка върху лицето на читателя.', 14);
INSERT INTO `books` (`id`, `title`, `author_id`, `genre_id`, `price`, `rating`, `image`, `description`, `stock`) VALUES
(68, 'Златният телец', 67, 7, 18.99, 4, 'zlatni_telesh.jpg', 'Един харизматичен измамник и неговите верни спътници тръгват на лов за забогатяване, използвайки хитрост и находчивост, за да надхитрят съветската бюрокрация. По пътя си те срещат представители на различни социални слоеве, като всеки от тях е ярка и сатирична карикатура на реалността. Историята е изпълнена с абсурдни ситуации, блестящ хумор и остроумни диалози, които поставят под въпрос алчността, наивността и системата, която позволява на подобни герои да просперират. Въпреки забавния тон, сюжетът съдържа сериозна критика на икономическата и социалната среда, в която се развива. В крайна сметка, книгата показва, че преследването на богатство често води до неочаквани и иронични последствия.', 10),
(69, 'Майстора и Маргарита', 68, 7, 22.00, 5, 'master_margarita.jpg', 'Реалността и фантазията се преплитат в тази необикновена история, където Дяволът посещава един голям град и предизвиква хаос сред неговите жители. Паралелно се разгръща мистериозен разказ за съдбата на един писател и неговата любов, които се изправят срещу жестокостта на обществото и цензурата. В книгата се преплитат философски размисли за доброто и злото, силата на изкуството и неизбежността на съдбата. Чрез гротескни сцени, магически събития и сатирични образи, авторът изгражда многопластова творба, която оставя дълбок отпечатък в съзнанието на читателя. Историята завършва с усещане за тайнствена хармония, в която любовта и творчеството триумфират.', 9),
(70, 'Одисей', 69, 7, 25.00, 5, 'odyssey.jpg', 'Един герой, оцелял след жестока война, прекосява опасни морета и далечни земи в опит да се завърне у дома. По пътя си той се сблъсква с митични същества, божествени намеси и изпитания, които проверяват неговата хитрост, воля и сила. Разказът е изпълнен с величествени описания на чудати земи, трагични съдби и безсмъртни уроци за човешката природа. Чрез неговото пътешествие се разкрива смисълът на дома, любовта и непоколебимостта на духа. Въпреки препятствията, героят доказва, че истинската победа е в умението да останеш верен на себе си и на тези, които обичаш.', 7),
(71, 'Маус', 70, 8, 25.99, 3, 'maus.jpg', 'Тази графична новела разказва за Холокоста чрез уникалната метафора на животни – евреите са представени като мишки, нацистите като котки, а различните други народности като различни животински видове. Историята е разказана от сина на оцелял от концентрационните лагери, който документира спомените на баща си и едновременно с това изследва сложните им семейни отношения. Разказът е изпълнен с тежки, но автентични емоции, разкриващи травмата, вината и наследството на миналото. Чрез графичното изкуство и фрагментарното повествование книгата съчетава исторически реализъм с лична изповед, създавайки дълбок и въздействащ разказ. Финалът е емоционално наситен и оставя читателя с размисли за паметта, наследството на страданието и сложността на човешките взаимоотношения.', 15),
(72, 'Пазителите', 71, 8, 29.99, 4, 'watchmen.jpg', '\"Тази сложна и мрачна супергеройска история преобръща традиционните представи за героите, като ги представя като несъвършени, морално компрометирани и борещи се със собствените си демони. Действието се развива в алтернативна версия на 80-те години, където свръхестествени същества и костюмирани бдители са част от световната политика и Студената война. Историята разследва убийството на бивш супергерой и постепенно разкрива зловеща конспирация, която поставя под въпрос самото съществуване на човечеството. Чрез нелинеен разказ, ретроспекции и философски теми книгата анализира природата на властта, морала и границите на справедливостта. Финалът е едновременно грандиозен и горчив, оставяйки читателя с чувство на несигурност относно бъдещето на света и героите в него.', 20),
(73, 'V като Вендета', 71, 8, 22.50, 2, 'v_for_vendetta.jpg', '\"Тази антиутопична история разказва за мистериозния революционер V, който се бори срещу потиснически тоталитарен режим в постапокалиптична Великобритания. Вдъхновен от идеята за свобода и анархия, той използва терористични методи, за да разруши установения ред и да вдъхнови хората към бунт. Историята поставя въпроси за границите между героизма и тероризма, за силата на идеите и за цената на свободата. Чрез сложни герои, философски диалози и символика разказът изследва как властта контролира и подчинява обществото. Финалът е едновременно катарзисен и отворен за интерпретации, подчертавайки, че истинската промяна зависи не от един човек, а от всички.', 18),
(74, 'Сандман', 74, 8, 32.99, 4, 'sandman.jpg', 'Тази мащабна и изключително богата на митология история проследява приключенията на Морфей, повелителят на сънищата, който управлява царството на въображението и кошмарите. Разказът преплита елементи от митологията, литературата и съвременния свят, като създава сложна и поетична вселена. Темите за съдбата, смъртта, творчеството и човешките желания са в основата на тази епична сага, която представя различни персонажи – богове, демони, хора и митични същества. Историята е изпълнена с философски размишления, загадки и дълбоки емоционални моменти, които разкриват крехкостта на реалността и силата на историите. Финалът е едновременно меланхоличен и завършен, оставяйки усещане за неизбежност и цикличност в живота.', 12),
(75, 'Последните комикси на Земята', 75, 8, 18.99, 5, 'last_comics.jpg', 'Тази приключенска и хумористична история разказва за група деца, които се опитват да оцелеят в постапокалиптичен свят, пълен със зомбита и чудовища. Главният герой, който е запален по комиксите, използва въображението си и находчивостта си, за да се справя с опасностите. Историята съчетава екшън, забавни моменти и теми за приятелството, смелостта и израстването. Чрез динамичните и ярки илюстрации разказът създава усещане за епично приключение, в което дори в най-мрачните моменти има място за хумор и надежда. Финалът оставя вратичка за нови приключения, подчертавайки, че истинската сила идва от приятелството и непоколебимия дух.', 22),
(76, 'Батман: Завръщането на Черния рицар', 76, 8, 27.99, 5, 'batman_dark_knight.jpg', 'Тази мрачна и въздействаща история представя завръщането на възрастния и вече изтощен Батман, който трябва да се изправи срещу хаоса, завладял Готъм Сити. В свят, където престъпността е на върха си, а властта е безсилна, той се завръща като символ на справедливостта, но методите му стават още по-брутални. Историята представя един по-мрачен, гневен и дълбоко размишляващ герой, който се бори не само срещу злодеите, но и срещу собствения си морален кодекс. Разказът разглежда теми като правосъдието, моралните граници на героизма и цената на саможертвата. Финалът е силен и многозначителен, оставяйки читателя с въпроси за истинската роля на героите в обществото.', 17),
(77, 'Сага', 77, 8, 24.50, 3, 'saga.jpg', 'Тази мащабна космическа сага разказва за двама влюбени от враждуващи раси, които се опитват да избягат и да създадат нов живот за себе си и детето си. Историята съчетава научна фантастика, фентъзи и социален коментар, като разглежда темите за войната, предразсъдъците и семейството. Разказът е изпълнен с уникални същества, динамични екшън сцени и дълбоки емоционални моменти, които правят героите изключително реалистични и многопластови. Чрез ярките илюстрации и смелите разказвачески решения, историята се превръща в едно от най-иновативните произведения в жанра. Финалът на всеки том оставя читателя в очакване, като подчертава, че дори сред хаоса и разрушенията любовта и надеждата могат да оцелеят.', 14),
(78, 'Персеполис', 79, 8, 21.99, 4, 'persepolis.jpg', 'Тази автобиографична графична новела разказва историята на момиче, израснало по време на Ислямската революция в Иран. Разказът представя не само личните преживявания на героинята, но и сложните социални и политически промени, които оформят живота ѝ. Историята изследва теми като идентичността, свободата, културните сблъсъци и борбата на жените за права. Чрез простичките, но силно въздействащи илюстрации се разкрива трагедията на войната, репресиите и изгнанието. Финалът е емоционален и оставя усещане за носталгия и изгубено детство, но и за вътрешна сила.', 19),
(79, 'Скот Пилгрим', 80, 8, 19.99, 2, 'scott_pilgrim.jpg', 'Тази забавна и динамична история проследява приключенията на младия музикант Скот Пилгрим, който трябва да победи „седемте зли бивши“ на новата си приятелка Рамона, за да спечели сърцето ѝ. Историята е изпълнена с препратки към видеоигри, поп култура и комедийни моменти, които съчетават екшън и романтика по уникален начин. Докато Скот се изправя срещу своите противници в битки, напомнящи нива от аркадни игри, той също така се учи на зрялост, отговорност и истинската стойност на взаимоотношенията. Героите са колоритни, а хуморът и ексцентричните ситуации правят разказа лек, но и изпълнен със скрити послания за порастването и самоприемането. Финалът е удовлетворяващ и показва, че истинската победа не е само в битките, а в разбирането на самия себе си и преодоляването на собствените слабости.', 16),
(80, 'Хелбой', 81, 8, 26.50, 5, 'hellboy.jpg', 'Тази тъмна и атмосферична история разказва за Хелбой – демон, призован на Земята по време на Втората световна война, който обаче избира да се бори на страната на доброто. Работейки за Бюрото за паранормални изследвания и защита, той се изправя срещу зли същества, древни митологични сили и свръхестествени заплахи, докато се опитва да открие истината за своя произход. Историята е богата на фолклорни и митологични препратки, като комбинира мрачното изкуство с дълбоки философски теми за съдбата, свободната воля и човечността. Въпреки страховитата си външност, Хелбой е саркастичен, лоялен и добродушен герой, който постоянно се бори между предопределената си съдба и личния си избор. Финалът на всяка история е наситен с напрежение и морални дилеми, подчертавайки, че най-големите битки са тези, които водим вътре в себе си.', 13),
(81, 'Силата на навиците', 82, 9, 19.99, 1, 'silata-na-navicite.jpg', 'Чрез увлекателни примери от науката, бизнеса и личния живот се разкрива как навиците формират нашите действия и решения. Разглежда се как малки, почти незабележими поведения могат да доведат до значителни промени, ако бъдат правилно изградени и управлявани. Книгата показва механизмите зад формирането на навици и начините за тяхното променяне, като дава практически стратегии за създаване на положителни модели на поведение. Авторът изследва как успешните компании и лидери използват силата на навиците, за да постигнат успех, и как обикновените хора могат да приложат тези принципи в своя живот. Историята е едновременно научно обоснована и практична, мотивирайки читателя да осъзнае и подобри собствените си ежедневни действия.', 50),
(82, 'Интуитивно хранене', 83, 9, 24.99, 5, 'intuitivno-hranene.jpg', 'Фокусирайки се върху естествените сигнали на тялото, книгата предлага нов подход към храненето, който отхвърля строгите диети и ограничения. Разглеждат се психологическите и физиологичните фактори, които водят до преяждане или емоционално хранене, и се предлага метод за възстановяване на здравословната връзка с храната. Чрез практични съвети и упражнения се насърчава слушането на вътрешните усещания за глад и ситост, без чувство за вина или самонаказание. Представени са научно обосновани стратегии за осъзнато хранене, които помагат за изграждането на устойчиви хранителни навици. Книгата е ценен наръчник за всеки, който иска да се освободи от вредните диетични цикли и да постигне баланс в храненето.', 40),
(83, 'Френски деца не хвърлят храна', 85, 9, 21.99, 4, 'frenski-deca.jpg', 'Авторът споделя личния си опит с отглеждането на деца във Франция, като разкрива тайната зад френския подход към възпитанието. Разглеждат се принципите, които позволяват на френските родители да възпитават спокойни, самостоятелни и добре възпитани деца, без да прибягват до строг контрол или крайни методи. Акцентът е върху създаването на ясни граници, изграждането на добри навици още от ранна възраст и възпитаването на уважение към другите. Книгата представя и различията в културните нагласи относно детското хранене, съня и поведението, като предлага приложими стратегии за родителите по целия свят. Чрез увлекателен и хумористичен стил, авторът насърчава родителите да възприемат по-спокоен и уверен подход към възпитанието.', 35),
(84, 'Тайната на щастливия брак', 86, 9, 22.50, 2, 'tainata-na-braka.jpg', 'Разкрива се какво стои зад успешните и дълготрайни взаимоотношения, като се анализират навиците и комуникационните модели на щастливите двойки. Чрез реални примери и научни изследвания авторът показва как уважението, емпатията и правилната комуникация укрепват връзката между партньорите. Обръща се внимание на често срещаните конфликти в брака и начините за тяхното ефективно разрешаване, без те да разрушат доверието и любовта. Книгата дава практични съвети за изграждане на по-дълбока емоционална връзка, преодоляване на трудностите и запазване на романтиката във времето. Написана с лекота и разбираем език, тя е ценен наръчник за всеки, който иска да подобри отношенията си с партньора.', 30),
(85, 'Мозъкът на детето', 87, 9, 26.99, 3, 'mozakat-na-deteto.jpg', 'Изследва развитието на детския мозък и как родителите могат да подпомогнат изграждането на емоционална интелигентност у своите деца. Чрез научно обосновани обяснения и лесни за прилагане стратегии, книгата показва как мозъчните структури влияят върху поведението, ученето и социалните умения. Представени са методи за справяне с емоционални изблици, управление на стреса и насърчаване на когнитивното развитие. Обръща се внимание на значението на връзката между родител и дете и как правилното взаимодействие може да подпомогне хармоничното развитие. Чрез практически примери и съвети книгата дава насоки за създаване на стабилна и подкрепяща среда за детето.', 25),
(86, 'Как да отгледаме емоционално интелигентно дете', 86, 9, 23.99, 4, 'emocionalno-dete.jpg', 'Книгата акцентира върху значението на емоционалната интелигентност и как родителите могат да я развиват у своите деца. Разглеждат се начините, по които децата учат да разпознават и управляват емоциите си, както и ролята на родителите в този процес. Предоставени са стратегии за изграждане на емпатия, устойчивост и социални умения, които помагат на децата да се справят с предизвикателствата на живота. Чрез практически упражнения и реални примери се показва как отворената комуникация и емоционалната подкрепа създават стабилна основа за психичното здраве на детето. Книгата е полезен наръчник за родители, учители и възпитатели, които искат да подпомогнат развитието на децата си.', 28),
(87, 'Семейство и как да оцелеем в него', 89, 9, 20.99, 3, 'semeistvo-ocelqvane.jpg', 'Чрез хумор и проницателни наблюдения авторът разглежда динамиката в семейството и предизвикателствата, пред които се изправят родителите и децата. Книгата анализира как отношенията между членовете на семейството се оформят и какви модели на комуникация могат да подобрят семейната хармония. Обръща се внимание на конфликти, различия в поколенията и начините, по които семейството може да функционира по-добре. Със смесица от психологически анализ и практически съвети, авторът дава насоки за изграждане на здрави и щастливи взаимоотношения. Книгата предлага ценни прозрения за всеки, който иска да подобри семейната си среда.', 32),
(88, 'Изкуството да бъдеш родител', 91, 9, 27.50, 5, 'izkustvo-roditel.jpg', 'Фокусира се върху съвременните предизвикателства на родителството и как родителите могат да отгледат уверени, отговорни и щастливи деца. Разглеждат се различни стилове на възпитание и как те влияят върху развитието на детето в дългосрочен план. Авторът предлага практични стратегии за изграждане на уважителни взаимоотношения, насърчаване на самостоятелността и поставяне на граници без налагане на строг контрол. Чрез анализ на реални ситуации се показва как родителите могат да се справят с типични проблеми като дисциплината, ученето и социализацията. Книгата е полезно ръководство за всеки, който иска да възпитава с увереност и разбиране.', 20),
(89, 'Тялото пази спомена', 92, 9, 29.99, 4, 'tialoto-spomen.jpg', 'Изследва връзката между травмите, преживени в миналото, и тяхното влияние върху тялото и ума. Чрез научни изследвания и примери от практиката се показва как стресът и травматичните събития могат да се съхранят в организма и да се проявят като физически и психически проблеми. Авторът предлага методи за осъзнаване и лечение на тези травми чрез различни терапевтични подходи, включително психотерапия, йога и медитация. Книгата акцентира върху важността на разбирането на телесните сигнали и намирането на начини за освобождаване от дълбоко вкоренения емоционален товар. Представлява изключително полезно четиво за всеки, който иска да разбере по-добре връзката между емоциите и физическото здраве.', 18),
(90, 'Ръководство за кърмене', 93, 9, 18.99, 5, 'rakovodstvo-karmene.jpg', 'Тази книга предоставя детайлна информация за кърменето, включително ползите за бебето и майката, както и начините за успешно започване и поддържане на този процес. Разглеждат се честите предизвикателства, като проблеми със засукването, недостатъчно мляко и болка, и се предлагат практически решения. Включени са съвети за изграждане на правилен режим на кърмене, справяне със стреса и поддържане на добро здраве по време на кърменето. Авторът също така разглежда психологическите аспекти на връзката между майката и бебето, която се укрепва чрез този процес. Това е ценно ръководство за бъдещи и настоящи майки, които искат да кърмят успешно и с увереност.', 45),
(91, 'Мисленето', 94, 10, 19.99, 4, 'thinking.jpg', 'Тази книга разглежда различните начини, по които хората мислят, вземат решения и възприемат света около себе си. Авторът анализира когнитивните процеси, които определят поведението ни, и как автоматичните и логическите ни реакции влияят на ежедневието. Чрез практически примери и научни изследвания се разкриват начините, по които можем да подобрим своето критично мислене и да избегнем когнитивните предразсъдъци. Книгата разглежда теми като интуицията, рационалността и начините, по които мозъкът обработва информацията. Финалът предлага ценни изводи за подобряване на мисловния процес и вземането на по-информирани решения.', 50),
(92, 'Силата на настоящето', 95, 10, 17.99, 2, 'power_of_now.jpg', 'Тази вдъхновяваща книга насочва вниманието към значимостта на живеенето в настоящия момент като ключ към щастието и вътрешния мир. Авторът изследва как умът ни често е обсебен от миналото или бъдещето, което ни пречи да се наслаждаваме на настоящето. Чрез практически техники и философски размишления се показва как осъзнатостта и приемането на реалността могат да трансформират живота ни. Основните теми включват осъзнатото присъствие, духовното пробуждане и освобождаването от ненужните тревоги. Финалът оставя читателя с усещане за спокойствие и вдъхновение да приложи тези принципи в ежедневието си.', 45),
(93, 'Психология на тълпите', 96, 10, 21.50, 3, 'psychology_of_crowds.jpg', 'Тази класическа книга анализира поведението на масите и как индивидите губят своята рационалност, когато са част от големи групи. Авторът разглежда феномена на колективното съзнание, като обяснява как тълпите могат да бъдат манипулирани чрез емоции, внушения и социални механизми. Изследват се примери от историята, политиката и социалните движения, които показват как масовото поведение може да доведе до радикални промени. Темите включват лидерството, пропагандата и силата на общественото мнение. Финалът дава ценни уроци за разбирането на социалната психология и как да останем критично настроени в колективни ситуации.', 30),
(94, 'Емоционална интелигентност', 97, 10, 24.99, 5, 'emotional_intelligence.jpg', 'Тази книга изследва значението на емоционалната интелигентност и как тя влияе върху личния и професионалния ни живот. Авторът разглежда основните компоненти на емоционалната интелигентност – самосъзнание, самоконтрол, мотивация, емпатия и социални умения. Книгата представя научни изследвания и практически примери, които показват как разбирането и управлението на емоциите могат да подобрят взаимоотношенията ни и нашата устойчивост при стрес. Темите включват важността на емоциите в комуникацията, лидерството и вземането на решения. Финалът подчертава, че високата емоционална интелигентност е ключова за успеха и удовлетворението в живота.', 40),
(95, 'Мъжете са от Марс, жените – от Венера', 98, 10, 18.99, 2, 'mars_venus.jpg', 'Тази книга анализира разликите между мъжете и жените в начина, по който комуникират, изразяват емоции и реагират в отношенията си. Авторът представя метафората, че мъжете и жените идват от различни „планети“, което обяснява защо често не се разбират помежду си. Чрез примери от ежедневния живот се показва как двойките могат да преодолеят тези различия и да изградят по-здравословни взаимоотношения. Темите включват нуждите на двата пола, начините на изразяване на любов и как да се избягват ненужни конфликти. Финалът предлага практични съвети за подобряване на комуникацията и хармонията в романтичните връзки.', 35),
(96, 'Даровете на несъвършенството', 99, 10, 16.99, 4, 'gifts_of_imperfection.jpg', 'Тази вдъхновяваща книга разглежда как приемането на собствените недостатъци и уязвимост може да доведе до по-пълноценен и автентичен живот. Авторът насърчава читателя да се освободи от стремежа към перфекционизъм и социалните очаквания, които често водят до тревожност и несигурност. Книгата представя лични примери, научни изследвания и техники за изграждане на самоувереност и автентичност. Темите включват самосъстраданието, смелостта да бъдем уязвими и изграждането на истински връзки с другите. Финалът оставя читателя с вдъхновение да приеме себе си такъв, какъвто е, и да живее по-осъзнато.', 25),
(97, 'Как да печелим приятели и да влияем на хората', 100, 10, 22.99, 5, 'how_to_win_friends.jpg', 'Тази класическа книга предлага практични съвети за подобряване на социалните умения, изграждане на връзки и убеждаване на хората. Авторът разглежда принципите на ефективната комуникация, като показва как доброто отношение и емпатията могат да направят всеки по-успешен в личния и професионалния живот. Книгата представя множество примери за това как малките жестове и правилното използване на думи могат да създадат силни взаимоотношения. Темите включват изкуството на слушането, значението на искрената похвала и начините за изграждане на доверие. Финалът подчертава, че добрата комуникация и разбирането на хората са ключът към успеха.', 50),
(98, 'Пътят на сълзите', 101, 10, 14.99, 3, 'path_of_tears.jpg', 'Тази дълбоко емоционална книга изследва как хората преживяват загубата, тъгата и преходите в живота. Авторът анализира процеса на скръбта, начините за справяне с болката и важността на приемането на емоциите. Книгата предлага утеха и практически съвети за това как да продължим напред след трудни моменти, без да потискаме чувствата си. Темите включват загубата, промяната и необходимостта от ново начало след емоционални сътресения. Финалът оставя читателя с послание за изцеление и осъзнаването, че болката е част от човешкото израстване.', 20),
(99, 'Себепознание', 102, 10, 19.50, 4, 'self_knowledge.jpg', 'Тази книга изследва как по-доброто разбиране на самите нас може да доведе до по-смислен и щастлив живот. Авторът разглежда различни аспекти на личността, като вътрешните конфликти, самосаботажа и несъзнателните модели, които ни пречат да се развиваме. Книгата представя техники за самоанализ, осъзнатост и преодоляване на бариерите към личностния растеж. Темите включват самоприемането, изследването на вътрешния свят и важността на емоционалната интелигентност. Финалът вдъхновява читателя да продължи своето пътуване към себепознанието и личностното развитие.', 30),
(100, 'Изкуството на щастието', 103, 10, 23.99, 5, 'art_of_happiness.jpg', 'Тази вдъхновяваща книга предлага философски и практически съвети за постигане на дълбоко и трайно щастие. Авторът разглежда връзката между ума, емоциите и вътрешния мир, като представя техники за преодоляване на стреса и негативните мисли. Книгата съчетава древни духовни принципи с модерна психология, за да покаже как хората могат да изградят по-смислен и удовлетворяващ живот. Темите включват състраданието, благодарността и осъзнатостта като ключове към щастието. Финалът оставя читателя с усещане за спокойствие и вдъхновение да приложи наученото в ежедневието си.', 40),
(101, 'Sapiens: Кратка история на човечеството', 105, 11, 29.99, 3, 'sapiens.jpg', 'Тази книга проследява еволюцията на човешкия вид от появата му до съвременността, разглеждайки ключовите събития, довели до създаването на общества, култури и цивилизации. Авторът анализира как когнитивната, аграрната и научната революция са формирали начина, по който хората възприемат света и взаимодействат помежду си. Разглеждат се въпроси като ролята на митологията, религията, парите и империите в изграждането на глобалната цивилизация. Чрез достъпен и увлекателен стил книгата представя комплексни идеи за социалната структура и бъдещето на човечеството. Тя предизвиква читателя да се замисли над въпроса какво означава да бъдеш човек и какви са възможните сценарии за еволюцията на обществото.', 50),
(102, 'Homo Deus: Кратка история на утрешния ден', 105, 11, 27.99, 4, 'homo_deus.jpg', 'Книгата представя амбициозен поглед към бъдещето на човешкия вид, като анализира технологичните и научните тенденции, които могат да променят обществото. Авторът разглежда как изкуственият интелект, биотехнологиите и алгоритмите ще трансформират начина, по който хората живеят, работят и мислят за себе си. Разисква се идеята, че след като хората са победили болестите, глада и войните, следващата им цел е да надскочат биологичните си ограничения и да постигнат „божествен статус“. Чрез исторически примери и философски размисли се поставя въпросът дали човечеството е готово за свят, в който биологичните граници могат да бъдат преодолени. Книгата е предизвикателна и интригуваща, като насърчава размисъл върху бъдещето на технологиите, етиката и същността на човешката идентичност.', 45),
(103, 'Пушки, вируси и стомана', 106, 11, 24.99, 2, 'guns_germs_steel.jpg', 'Чрез задълбочено изследване авторът обяснява защо някои цивилизации са постигнали технологично и политическо надмощие над други. Книгата разглежда как географията, климатът и наличието на полезни ресурси са изиграли ключова роля в развитието на обществата. Анализира се влиянието на селското стопанство, домашните животни и епидемиите върху социалната структура и завоеванията на народите. Авторът оспорва традиционните обяснения за историческото развитие, като предлага научен и екологичен поглед върху възхода и падението на различни цивилизации. Изследването е изключително богато на данни и примери, предоставяйки един по-обективен и цялостен поглед върху глобалната история.', 30),
(104, 'Цивилизацията: Западът и останалият свят', 107, 11, 26.99, 5, 'civilization.jpg', 'Книгата анализира факторите, довели до доминирането на западните държави в световната история през последните векове. Авторът разглежда икономическите, политическите и културните особености, които са позволили на Запада да установи надмощие над останалите цивилизации. Проследяват се ключови моменти като научната революция, индустриализацията, милитаризма и икономическата експанзия. Чрез сравнителен анализ с други велики цивилизации, книгата изследва дали западното господство е неизбежно и дали ще продължи в бъдеще. Авторът поставя въпроса дали светът върви към нов многополюсен ред и какви ще бъдат последствията от тази промяна.', 35),
(105, 'История на красотата', 108, 11, 32.99, 4, 'history_of_beauty.jpg', 'Тази книга представлява задълбочено изследване на представите за красота през различните епохи и култури. Разглеждат се философските, художествените и социалните аспекти на естетиката, като се анализират как стандартите за красота са се променяли през вековете. Чрез богат илюстративен материал и цитати от известни мислители се проследяват влиянията на изкуството, модата и науката върху възприемането на красивото. Авторът задава въпроса дали красотата е универсална или изцяло субективна концепция, зависеща от културния контекст. Книгата предлага интелектуално и визуално пътешествие през историята на човешката естетика.', 20),
(106, 'Кратка история на почти всичко', 109, 11, 22.99, 5, 'brief_history.jpg', 'Авторът се впуска в мащабно изследване на науката, като разяснява сложни концепции по достъпен и увлекателен начин. Книгата проследява развитието на ключови научни открития, от началото на Вселената до структурата на атома и еволюцията на живота. Представени са любопитни факти и анекдоти за учените, чиито открития са променили света, както и за грешките и странностите, съпътстващи техните изследвания. Чрез лек хумор и разбираем език, книгата прави науката достъпна и интересна за широката публика. Тя е идеално четиво за всеки, който иска да разбере повече за света около себе си, без да се губи в сложни научни термини.', 40),
(107, 'География на гения', 110, 11, 23.99, 3, 'geography_of_genius.jpg', 'В това изследване авторът проследява как географската среда и културният контекст са повлияли върху възникването на велики умове и иновации. Чрез пътешествия до исторически центрове на творчество като Атина, Флоренция и Силициевата долина се анализира защо определени места са произвели несъразмерно голям брой гении. Книгата разглежда връзката между обществени структури, икономически условия и интелектуално развитие. Чрез хумористичен стил и увлекателни примери, авторът представя теория за това как средата формира креативността. Изследването предлага оригинален поглед върху връзката между история, култура и иновации.', 25),
(108, 'Мисленето на нациите', 111, 11, 21.99, 4, 'thinking_nations.jpg', 'Книгата изследва как културните различия формират икономическите и социалните системи на различните държави. Авторът анализира как традиции, ценности и нагласи към риска влияят върху развитието на обществата. Разглеждат се фактори като доверието в институциите, ролята на държавата и предприемаческия дух, които обуславят успеха на различни нации. Чрез сравнение между различни региони и икономически модели, книгата предлага обяснение защо някои държави просперират, докато други остават в застой. Това е увлекателно изследване на връзката между култура и икономика в глобален мащаб.', 28),
(109, 'Сблъсъкът на цивилизациите', 112, 11, 30.99, 5, 'clash_of_civilizations.jpg', 'Книгата разглежда теорията, че основните конфликти в света след Студената война ще бъдат предизвикани не от идеологии, а от културни и цивилизационни различия. Авторът анализира различните цивилизационни блокове и напрежението между тях, включително отношенията между Запада, Ислямския свят и Китай. Разглежда се възможността за бъдещи глобални конфликти, породени от разлики в религията, ценностите и политическите системи. Авторът предлага стратегия за управление на тези напрежения, за да се избегнат сблъсъци между различните култури. Книгата остава важна за разбирането на съвременната геополитика.', 33),
(110, 'Геополитика на емоциите', 113, 11, 19.99, 3, 'geopolitics_emotions.jpg', 'Книгата анализира как емоционалните фактори като страх, надежда и унижение формират геополитическите решения и международните конфликти. Авторът разглежда три основни геополитически зони – Западния свят, мюсюлманските страни и Азия – и как доминиращите емоции във всяка от тях влияят върху глобалните отношения. Чрез примери от политиката и историята се показва как емоциите оформят идентичността на нациите и поведението на лидерите. Изследването предоставя нова перспектива върху международната политика, като комбинира психология и геополитически анализ. Книгата е провокативен поглед върху невидимите сили, движещи световните процеси.', 27),
(111, 'История на изкуството', 114, 12, 29.99, 2, 'history_of_art.jpg', 'Тази обширна и задълбочена книга проследява развитието на изкуството от древността до съвременността, като анализира ключови стилове, течения и значими творци. Авторът изследва влиянието на социалните, политическите и културните фактори върху художествените движения, като представя примери от различни епохи. Историята е богато илюстрирана с произведения на изкуството, което улеснява разбирането на стиловете и техните особености. Темите включват еволюцията на живописта, скулптурата и архитектурата, както и връзката между традицията и новаторството. Финалът предлага размисъл върху бъдещето на изкуството и неговото значение в съвременното общество.', 10),
(112, 'Светлина, сянка и отражение', 115, 12, 24.99, 4, 'light_shadow_reflection.jpg', 'Тази книга анализира ролята на светлината и сянката в изобразителното изкуство и визуалните изразни средства. Авторът разглежда как различните техники за работа със светлината могат да създават дълбочина, емоция и драматизъм в една композиция. Историята включва примери от живописта, фотографията и киното, които показват как големите майстори използват тези елементи за постигане на въздействащи визуални ефекти. Темите обхващат технически аспекти като контраст, перспектива и отражение, както и тяхната символика в изкуството. Финалът оставя читателя с вдъхновение и практически познания за това как светлината може да бъде мощен инструмент в художественото изразяване.', 8),
(113, 'Киното като изкуство', 116, 12, 27.99, 5, 'cinema_as_art.jpg', 'Тази книга представя киното не само като развлекателна индустрия, но и като висша форма на изкуство, която комбинира разказ, образ, звук и движение. Авторът разглежда еволюцията на кинематографичния език, използваните техники и влиянието на различните школи и режисьори върху развитието на филмовото изкуство. Историята анализира как монтажът, операторската работа, звукът и актьорското майсторство допринасят за емоционалното въздействие на филмите. Темите включват ролята на режисьора като художник, връзката между киното и литературата и влиянието на технологиите върху визуалния разказ. Финалът предлага размисъл за бъдещето на киното и как то ще продължи да се развива като средство за изразяване.', 12),
(114, 'Музиката на тишината', 117, 12, 22.99, 4, 'music_of_silence.jpg', 'Тази книга изследва връзката между музиката и тишината, като показва как паузите и отсъствието на звук са толкова важни, колкото и самите ноти. Авторът анализира различни композиторски техники, при които тишината играе ключова роля в изграждането на ритъм, динамика и емоционална дълбочина. Историята разглежда примери от класическата и съвременната музика, както и как тези принципи могат да бъдат приложени в киното, театъра и литературата. Темите включват минимализма в музиката, психологическото въздействие на мълчанието и философските му интерпретации. Финалът оставя читателя с ново разбиране за музиката и значението на пространството между звуците.', 15),
(115, 'Фотографията като съвременно изкуство', 118, 12, 31.99, 3, 'photography_contemporary.jpg', 'Тази книга представя фотографията не само като средство за документиране, но и като форма на модерно изкуство, която изследва концептуални идеи, емоции и социални теми. Авторът анализира творчеството на различни фотографи, които са използвали медиума, за да предизвикат реакция и размисъл у зрителя. Историята разглежда теми като абстрактната, експерименталната и минималистичната фотография, както и връзката ѝ с други изкуства като живописта и киното. Техническите и естетическите аспекти на съвременната фотография също са подробно разгледани, заедно с влиянието на дигиталните технологии. Финалът подчертава как фотографията продължава да се развива като мощен израз на съвременната култура.', 7),
(116, 'Режисурата: Десет урока', 119, 12, 26.99, 5, 'directing_ten_lessons.jpg', 'Тази книга предлага практически насоки за режисурата, като анализира основните принципи на визуалния разказ и работата с актьори. Авторът споделя уроци от личния си опит и класически примери от киното, които илюстрират как един режисьор може да създаде въздействащ филм. Историята се фокусира върху технически и творчески аспекти като изграждането на сцени, работа с камерата и използването на светлина и звук. Темите включват режисьорската визия, монтажа и взаимодействието между творческия екип. Финалът предоставя вдъхновяващо послание за силата на киното и значението на режисьорската роля в изграждането на една история.', 10),
(117, 'История на западната музика', 120, 12, 35.99, 4, 'history_of_western_music.jpg', 'Тази книга проследява развитието на западната музика от Средновековието до съвременността, като анализира различните стилове, композитори и влияния. Авторът разглежда ключови моменти в музикалната еволюция, като Ренесанса, Барока, Класицизма, Романтизма и модерните жанрове. Историята представя връзката между музиката и социалните, културните и технологичните промени през вековете. Темите включват развитието на нотната система, значението на оркестрацията и въздействието на различните композитори върху музикалния свят. Финалът подчертава как музиката продължава да се развива и да отразява духа на времето.', 9),
(118, 'Тайният живот на великите художници', 122, 12, 28.99, 3, 'secret_life_painters.jpg', 'Тази книга предлага уникален поглед върху личния живот на някои от най-великите художници в историята, като разкрива малко известни факти и анекдоти. Авторът изследва как личните преживявания, любовните връзки и ексцентричните навици на тези творци са повлияли на тяхното изкуство. Историята представя забавни, шокиращи и вдъхновяващи моменти от живота на художници като Леонардо да Винчи, Ван Гог, Дали и Пикасо. Темите включват влиянието на психологията върху творческия процес, ролята на меценатите и сложната връзка между гения и лудостта. Финалът оставя читателя с ново разбиране за човека зад картината и как животът на един артист оформя неговото творчество.', 11),
(119, 'Фотографът на 20-ти век', 123, 12, 30.99, 2, 'photographer_20th_century.jpg', 'Тази книга представя най-влиятелните фотографи на 20-ти век и техния принос към изкуството на фотографията. Авторът анализира различни течения и стилове – от документалната и портретната фотография до експерименталните и концептуални подходи. Историята изследва как фотографията е отразявала социалните промени, политическите събития и културните революции през века. Темите включват значението на кадрирането, светлината и техническите иновации, които са променили начина, по който виждаме света. Финалът подчертава как фотографията продължава да бъде мощно средство за комуникация и изразяване.', 6),
(120, 'Киното: Най-важното изкуство', 124, 12, 32.99, 5, 'cinema_most_important_art.jpg', 'Тази книга разглежда киното като най-влиятелното изкуство на модерната епоха, което обединява литература, визуални изкуства, музика и технологии. Авторът проследява развитието на киното от нямото до дигиталната ера, като анализира ключови филми и режисьори. Историята изследва теми като разказваческите техники, киноестетиката и въздействието на филмите върху обществото. Чрез примери от класически и съвременни произведения се показва как киното оформя културното ни възприятие. Финалът подчертава бъдещето на киното и неговата трансформираща сила.', 8),
(121, 'Силата на концентрирания ум', 125, 13, 19.99, 2, 'silata-na-koncentriraniya-um.jpg', 'Книгата изследва значението на фокуса и менталната дисциплина като ключови фактори за успех и личностно развитие. Авторът разкрива как да преодолеем разсейването и да тренираме ума си, за да подобрим способността си за концентрация и продуктивност. Чрез практически упражнения и научно обосновани стратегии се показва как съсредоточеното мислене може да повлияе на вземането на решения, креативността и вътрешното спокойствие. Обръща се внимание на това как модерният свят и технологиите подкопават концентрацията ни и как можем да си възвърнем контрола върху вниманието си. Книгата предоставя ценни техники за всеки, който иска да усъвършенства своите когнитивни способности и да използва пълния потенциал на ума си.', 15),
(122, 'Места на силата. Загадъчните центрове на Земята', 126, 13, 24.99, 4, 'mesta-na-silata.jpg', 'Разглеждат се мистичните и енергийни локации по света, които според древни вярвания и съвременни изследвания притежават специални свойства. Книгата проследява легенди, археологически доказателства и духовни учения, свързани с тези необикновени места. Описват се местности като Стоунхендж, египетските пирамиди, тибетските манастири и други свещени географски точки, които са привличали хора през вековете. Авторът анализира как тези енергийни зони влияят на човешкото съзнание, здравето и личностната трансформация. Книгата е увлекателен пътеводител за всеки, който иска да се потопи в света на древната мъдрост и духовната география.', 10),
(123, 'Лъжите за Бог, в които вярваме', 127, 13, 17.99, 3, 'lajite-za-bog.jpg', 'Тази книга разглежда широкоразпространените погрешни схващания за Бог и религията, които често изопачават разбирането ни за духовността. Авторът анализира как религиозните догми и културните влияния създават фалшиви представи за божественото и как те могат да бъдат преосмислени. Чрез исторически примери, философски разсъждения и съвременни духовни търсения се предлага алтернативен поглед върху връзката между човека и висшата сила. Обръща се внимание на начина, по който тези заблуди влияят върху морала, вярата и личностното развитие. Книгата е призив за по-дълбоко осмисляне на духовността отвъд догматичните ограничения.', 12),
(124, 'Тяло Ум Дух. Изследване на парапсихологията на духовността', 128, 13, 22.50, 5, 'tyalo-um-duh.jpg', 'Книгата изследва връзката между физическото тяло, съзнанието и духовната енергия, като представя научни и метафизични теории за паранормалните явления. Разглеждат се теми като енергийни полета, интуиция, медитация и влиянието на емоциите върху здравето. Авторът представя примери от парапсихологията, които показват как мисълта и духовното състояние могат да повлияят на реалността. Включени са практически упражнения за развиване на осъзнатост и свързване с вътрешната енергия. Книгата предоставя цялостен поглед върху силата на човешкия ум и неговата роля в духовната трансформация.', 8),
(125, 'По пътя на душата - Из Словото на Учителя Беинса Дуно', 129, 13, 18.50, 1, 'po-pytya-na-dushata.jpg', 'Книгата разглежда концепцията за духовното пътуване на човека, като анализира различните етапи на осъзнаване и развитие. Представени са философски и религиозни учения, които изследват въпросите за съдбата, кармата и смисъла на живота. Авторът предлага насоки за самопознание и изграждане на връзка със собствената душа чрез медитация, осъзнатост и вътрешна трансформация. Разказани са вдъхновяващи истории и примери от реалния живот, които помагат на читателя да разбере как да намери хармония и вътрешен мир. Книгата е полезно четиво за всеки, който търси дълбок смисъл и духовен растеж.', 14),
(126, 'Разберете гръцката митология', 130, 13, 21.99, 4, 'gyrcka-mitologia.jpg', 'Книгата предлага увлекателен разказ за гръцките богове, герои и митове, които са оформили западната култура. Разглеждат се легендите за Зевс, Хера, Атина, Херкулес, Тезей и други емблематични фигури от древногръцкия пантеон. Авторът анализира символиката и значението на митовете, като ги свързва със съвременния свят и човешката психология. Представени са различни интерпретации на митовете и тяхното влияние върху изкуството, литературата и философията. Книгата е чудесно въведение за всеки, който иска да разбере дълбоките корени на гръцката култура и нейното влияние върху модерното общество.', 9),
(127, 'Изкуството на войната', 132, 13, 16.99, 5, 'izkustvoto-na-voinata.jpg', 'Книгата представя стратегическите принципи, използвани в бойните действия, лидерството и управлението. Авторът разкрива как тактиките за победа на бойното поле могат да се прилагат в бизнеса, политиката и личния живот. Разглеждат се теми като планиране, адаптивност, предвиждане на ходовете на противника и психологическата подготовка. Чрез кратки, но дълбоки мисли се представя философията на победата без излишна конфронтация. Книгата остава вечен наръчник за тези, които искат да разбират динамиката на конфликта и успеха.', 20),
(128, 'Денят, в който се научих да живея', 133, 13, 18.99, 5, 'denyat-v-koito-se-nauchih.jpg', 'Историята проследява личната трансформация на герой, който след шокиращо събитие преосмисля своя живот и ценности. Чрез срещи с мъдри наставници и преживяване на необикновени ситуации той осъзнава какво е истинското щастие и кои са най- важните неща в живота. Книгата насочва читателя към философия на осъзнатост, благодарност и намиране на баланс между материалния и духовния свят. Посланието е, че всеки ден е нова възможност за промяна и личностно израстване. Това е вдъхновяващ разказ за силата на вътрешната трансформация и откриването на смисъл в живота.', 11),
(129, 'Изкуството да казваш \"Не\"', 134, 13, 15.50, 3, 'izkustvoto-da-kazvash-ne.jpg', 'Книгата изследва важността на личните граници и умението да отказваме без чувство за вина или страх. Авторът разглежда защо хората често се съгласяват на неща, които не желаят, и как това влияе на тяхното психично здраве и благополучие. Представени са стратегии за изграждане на увереност и комуникационни техники за отказване по уважителен, но твърд начин. Чрез примери от ежедневието се показва как отказът може да доведе до по-добри взаимоотношения, повече свобода и контрол над собствения живот. Книгата е ценен наръчник за всеки, който иска да се научи да отстоява себе си.', 13),
(130, 'Мъдрост за успех всеки ден', 135, 13, 20.99, 4, 'mydrost-za-uspeh.jpg', 'Тази книга предлага вдъхновяващи мисли и практически съвети за личностно развитие и постигане на успех. Чрез кратки, но дълбоки прозрения авторът насочва читателя към по-добра самооценка, мотивация и ефективно управление на времето. Представени са принципи, които водят до устойчив успех – като дисциплина, постоянство, позитивно мислене и адаптивност. Книгата е структурирана така, че да може да бъде четена ежедневно, като предоставя насърчение и мъдрост за всеки ден. Това е практично ръководство за хора, които искат да подобрят живота си стъпка по стъпка.', 18),
(131, 'Битка за внимание', 136, 14, 24.99, 5, 'bitka-za-vnimanie.jpg', 'Книгата разглежда как съвременният свят е превърнал вниманието в най-ценния ресурс и как технологиите, медиите и социалните мрежи се конкурират за него. Авторът анализира психологическите механизми, чрез които компаниите и рекламодателите привличат и задържат вниманието на потребителите. Разглеждат се последиците от информационното претоварване върху концентрацията, продуктивността и емоционалното благополучие на хората. Включени са стратегии за управление на времето, съзнателно потребление на информация и възстановяване на контрола върху собственото внимание. Книгата предлага практически съвети за това как да защитим ума си от непрекъснатите разсейвания и да изградим по-фокусиран и целенасочен живот.', 50),
(132, 'Бил Гейтс: Изходен код. Моето начало', 137, 14, 29.99, 5, 'bil-gates-izhoden-kod.jpg', 'Биографично изследване на един от най-влиятелните и успешни предприемачи в света, което проследява неговия път от ранните години до създаването и разширяването на технологичния гигант. Разглеждат се стратегиите, иновациите и лидерските качества, които го правят визионер в индустрията и извън нея. Анализират се не само бизнес решенията му, но и неговата филантропска дейност, насочена към глобални предизвикателства като здравеопазването, климатичните промени и образованието. Книгата предлага ценни уроци по предприемачество, мениджмънт и устойчиво развитие, като разкрива мисленето и навиците, които водят до дългосрочен успех. Чрез богат набор от примери и анализи, читателят получава вдъхновение и практически съвети за постигане на високи резултати в своята сфера.', 40),
(133, 'Наръчник по инвестиране', 138, 14, 19.99, 5, 'naruchnik-investirane.jpg', 'Книгата предлага цялостно ръководство за успешното управление на личните и корпоративните финанси чрез инвестиции. Обясняват се ключови принципи като диверсификация, оценка на риска и изграждане на дългосрочна стратегия за растеж. Разглеждат се различни класове активи – акции, облигации, недвижими имоти и алтернативни инвестиции – и начините за тяхното ефективно управление. Включени са практически съвети за начинаещи и напреднали инвеститори, както и анализ на най-често срещаните грешки в инвестирането. Книгата предоставя ясни стратегии за изграждане на финансова сигурност и постигане на дългосрочен капиталов успех.', 60),
(134, 'Ефективно управление на предприятието', 139, 14, 22.99, 5, 'efektivno-upravlenie.jpg', 'Представени са основните принципи на модерния мениджмънт и стратегиите за успешно ръководене на организация. Книгата обхваща ключови аспекти като планиране, лидерство, управление на човешките ресурси и оптимизация на бизнес процесите. Авторът анализира как доброто управление може да доведе до устойчив растеж, иновации и конкурентно предимство. Включени са примери от реалния бизнес свят, които илюстрират как ефективните мениджърски практики могат да трансформират компаниите. Това ръководство е ценен инструмент за предприемачи, ръководители и всеки, който иска да подобри управленските си умения.', 45),
(135, 'Първо наруши всички правила', 140, 14, 25.99, 5, 'purvo-narushi-pravilata.jpg', 'Книгата представя новаторски подход към управлението на хора, като оспорва традиционните бизнес догми и предлага алтернативни стратегии за мотивация и продуктивност. Авторът анализира как успешните мениджъри преосмислят стандартните принципи за управление и създават работна среда, която насърчава таланта и индивидуалността. Чрез проучвания и примери от реалния свят се показва, че най-добрите лидери не следват универсални правила, а адаптират подхода си според силните страни на своите служители. Разглеждат се теми като ангажираността на екипа, измерването на успеха и изграждането на устойчиви организационни култури. Книгата е изключително полезна за ръководители, които искат да водят с иновативно мислене.', 35);
INSERT INTO `books` (`id`, `title`, `author_id`, `genre_id`, `price`, `rating`, `image`, `description`, `stock`) VALUES
(136, 'Служители за живота', 142, 14, 21.99, 5, 'slujiteli-za-jivota.jpg', 'Фокусира се върху създаването на дългосрочни взаимоотношения между компаниите и техните служители, като противопоставя традиционния модел на наемане и освобождаване на персонала. Разглежда се как водещи компании изграждат култура на доверие, развитие и мотивация, което води до по-висока продуктивност и ангажираност. Авторът анализира стратегии за обучение, кариерно развитие и създаване на среда, в която служителите виждат дългосрочни възможности за растеж. Чрез конкретни примери и практически насоки се показва как компаниите могат да създадат устойчива работна култура, която задържа и развива най-добрите таланти. Книгата е полезно ръководство за лидери, които искат да създадат стабилни и мотивирани екипи.', 38),
(137, 'Повече от бизнес', 143, 14, 27.99, 5, 'poveche-ot-biznes.jpg', 'Разглежда концепцията, че успешният бизнес не се основава само на печалбата, а на ценности, визия и устойчиво развитие. Авторът анализира как компаниите могат да създадат положително въздействие върху обществото, като същевременно постигат икономически растеж. Разглеждат се теми като корпоративна социална отговорност, етични бизнес практики и създаване на работна среда, която вдъхновява иновации. Книгата представя успешни примери от световни компании, които доказват, че бизнесът може да бъде нещо повече от средство за генериране на печалба. Това е вдъхновяващо четиво за лидери, които искат да изградят устойчив и значим бизнес.', 42),
(138, 'Зареден за резултата', 145, 14, 23.99, 5, 'zarenden-za-rezultata.jpg', 'Книгата разкрива как високопроизводителните лидери и организации постигат изключителни резултати чрез правилно структуриране на целите и ефективно управление на времето. Разглеждат се принципите на продуктивността, изграждането на силни екипи и създаването на ефективни работни процеси. Авторът анализира психологическите и стратегическите фактори, които мотивират хората да постигат максимални резултати. Включени са практически съвети за преодоляване на пречките пред успеха и изграждане на устойчива система за продуктивност. Книгата е полезен наръчник за всеки, който иска да оптимизира работата си и да постига високи резултати.', 30),
(139, 'Добро до голямо', 143, 14, 26.99, 5, 'dobro-do-golyamo.jpg', 'Авторът анализира как някои компании успяват да направят прехода от посредственост към дългосрочен успех и устойчиво развитие. Чрез задълбочени изследвания и примери се показва кои фактори отличават великите компании от обикновените. Разглеждат се концепции като лидерство от пето ниво, дисциплинирана култура и правилен подбор на хора в организацията. Книгата представя стратегии, които могат да бъдат приложени както в големи корпорации, така и в малки и средни бизнеси. Това е едно от най-влиятелните изследвания за корпоративния успех и лидерството.', 50),
(140, '45 мениджърски татуировки', 147, 14, 18.99, 5, '45-menidjurski-tatuirovki.jpg', 'Книгата представя 45 ключови принципа за управление, вдъхновени от реалния опит на успешни мениджъри. Всеки принцип е представен като „татуировка“ – нещо, което ръководителят трябва да носи със себе си във всеки аспект от работата си. Разглеждат се теми като ефективна комуникация, мотивация на екипа, управление на кризи и изграждане на корпоративна култура. Авторът използва хумор и практични примери, за да направи уроците по-лесно приложими в реалния бизнес свят. Книгата е изключително полезна за всеки лидер, който иска да подобри своите управленски умения.', 55),
(165, 'Еверест', 148, 15, 29.99, 5, 'everest.jpg', 'Книгата разказва за величествената планина и предизвикателствата, пред които се изправят алпинистите, стремящи се да покорят нейния връх. Описват се както природните условия и трудностите на маршрута, така и историите на смелите изследователи, които са успели или трагично са загубили битката с най-високия връх на света. Анализирани са физическите и психологическите предизвикателства, свързани с изкачването, както и влиянието на височината върху човешкия организъм. Освен спортния аспект, книгата разглежда културното и духовното значение на Еверест за местните жители и за световната алпинистка общност. Това е вдъхновяващо четиво за любителите на приключенията, природата и човешката издръжливост.', 10),
(166, 'Да хванеш гората: Подаръчен комплект', 149, 15, 34.99, 5, 'forest_escape.jpg', 'Книгата предлага вдъхновение и практически съвети за хора, които мечтаят за живот, по-близък до природата, далеч от шума и напрежението на града. Авторът споделя лични преживявания и истории на хора, които са направили смелата крачка да заживеят сред горите, планините или селските райони. Разглеждат се теми като самодостатъчност, природосъобразно строителство, отглеждане на храна и изграждане на устойчив начин на живот. Книгата включва полезни насоки за адаптация към новата среда и преодоляване на предизвикателствата, които животът в природата носи. Това е вдъхновяващо четиво за всеки, който иска да открие радостта от простия и хармоничен живот сред природата.', 7),
(167, 'Защитени територии в България и туризъм', 150, 15, 24.99, 5, 'protected_areas.jpg', 'Представя се богатото природно наследство на България, като се акцентира върху националните паркове, резервати и защитени зони. Книгата разглежда значението на опазването на околната среда и балансираното развитие на екотуризма. Подробно се описват маршрути, възможности за пешеходен, планински и природонаучен туризъм, както и най-интересните видове флора и фауна в различните територии. Включени са практически съвети за пътуващите, които искат да се насладят на красотата на природата, без да ѝ вредят. Книгата е ценно ръководство за любителите на приключения и екологично осъзнатите туристи.', 12),
(168, 'Сър Люис', 158, 15, 22.50, 5, 'monasteries.jpg', 'Книгата представя вдъхновяващата история на един от най-успешните и влиятелни състезатели във Формула 1, проследявайки неговия път от ранните години до върховете на моторния спорт. Разглеждат се предизвикателствата, които той е преодолял, включително социални бариери, конкуренцията в спорта и личните битки, които са го оформили като личност и състезател. Анализират се неговите тактики, мотивация и философия за успех, както и начинът, по който е вдъхновил милиони фенове по света. Освен спортната му кариера, книгата разглежда и неговите обществени каузи, ангажираността му с климатичните промени, социалната справедливост и равенството. Това е задълбочен портрет на човек, който не само доминира в своя спорт, но и използва платформата си, за да направи света по-добро място.', 15),
(169, 'Спортът в медийния свят', 157, 15, 27.99, 5, 'bulgaria_guide.jpg', 'Книгата анализира как спортът и медиите са изградили симбиотична връзка, която оформя съвременния начин, по който възприемаме атлетиката и спортните събития. Разглежда се историческото развитие на спортната журналистика, възходът на телевизионните права и комерсиализацията на големите първенства. Авторът обсъжда как социалните мрежи, дигиталните платформи и новите технологии променят взаимоотношенията между спортистите, феновете и медийните гиганти. Обръща се внимание и на етичните въпроси, свързани с манипулирането на информацията, спонсорството и влиянието на големите корпорации върху спорта. Това е проницателен анализ на начина, по който медиите не просто отразяват спорта, а активно формират неговия имидж и стойност в глобалната култура.', 20),
(170, '1000 места, които е добре да видите, преди да умрете', 151, 15, 39.99, 5, '1000_places.jpg', 'Книгата представлява вдъхновяващ списък с най-забележителните дестинации в света – от екзотични острови и природни чудеса до исторически градове и културни забележителности. Всяка локация е описана с интересни факти, съвети за пътуване и идеи за преживявания, които не бива да се пропускат. Авторът представя както добре познати места, така и по-малко известни перли, които могат да изненадат и най-запалените пътешественици. Освен естетическа стойност, книгата предлага и практически насоки за пътешествениците, които искат да планират незабравими приключения. Това е вдъхновение за всеки, който мечтае да изследва света и да създаде колекция от незабравими спомени.', 9),
(171, 'Туризъм за заети хора', 152, 15, 19.99, 5, 'busy_people_travel.jpg', 'Фокусира се върху начини за ефективно планиране на пътувания за хора с ограничено свободно време. Книгата предоставя стратегии за кратки, но пълноценни почивки, които максимизират преживяванията и минимизират стреса от пътуването. Разглеждат се идеи за уикенд екскурзии, бизнес пътувания, съчетани с отдих, и методи за бързо опознаване на нови дестинации. Включени са съвети за бързо намиране на най-добрите места за хранене, настаняване и забележителности. Това е практичен наръчник за модерния пътешественик, който иска да открива нови места, без да прекъсва работните си ангажименти.', 11),
(172, 'Изкуството да пътуваш', 153, 15, 25.99, 5, 'art_of_travel.jpg', 'Книгата разглежда философията на пътуването като начин на живот и средство за личностно израстване. Авторът анализира как различните култури, места и хора оформят възприятията ни и ни помагат да разберем по-добре себе си. Разискват се теми като бавните пътешествия, минимализма при пътуване и осъзнатото преживяване на нови дестинации. Чрез размишления, лични истории и литературни препратки книгата вдъхновява читателя да промени начина, по който възприема пътешествията. Това е идеалното четиво за всеки, който търси смисъл и вдъхновение в изследването на света.', 14),
(173, 'Владимир Николов: Високо', 154, 15, 23.99, 5, 'nature_traveler.jpg', 'Авторът споделя своите приключения и наблюдения, свързани с дивата природа и необятните пейзажи, които е открил по света. Книгата представя лични преживявания, срещи с диви животни и вдъхновяващи истории за хармонията между човека и природата. Описани са пътешествия до национални паркове, резервати и отдалечени екосистеми, които разкриват величието на природния свят. Чрез богати описания и фотографии читателят се пренася в някои от най-красивите и недокоснати места на планетата. Книгата е предназначена за всички, които обичат природата и приключенията.', 13),
(174, 'Кулинарният туризъм в България между локалното и националното', 155, 15, 21.99, 3, 'culinary_tourism.jpg', 'Разглежда се как традиционната българска кухня се е превърнала в атрактивна туристическа ниша, съчетаваща местни вкусове и кулинарни традиции. Описани са различните регионални кухни, характерните за тях ястия и влиянието на културните фактори върху храненето. Книгата анализира връзката между храната и идентичността, както и начините, по които гастрономията може да привлече туристи. Включени са препоръки за маршрути, които комбинират посещения на ферми, винени изби и автентични ресторанти. Това е ценен наръчник за всеки, който иска да опознае България чрез нейните вкусове и аромати.', 8);

-- --------------------------------------------------------

--
-- Table structure for table `genres`
--

CREATE TABLE `genres` (
  `id` int(11) NOT NULL,
  `name` varchar(255) NOT NULL
) ENGINE=InnoDB DEFAULT CHARSET=utf8mb4 COLLATE=utf8mb4_general_ci;

--
-- Dumping data for table `genres`
--

INSERT INTO `genres` (`id`, `name`) VALUES
(1, 'Дом, градина и хоби'),
(2, 'Научна фантастика, фентъзи и хорър'),
(3, 'Криминални и трилъри'),
(4, 'Романтични'),
(5, 'Световна проза'),
(6, 'Българска литература'),
(7, 'Хумор'),
(8, 'Комикси'),
(9, 'Здраве и семейство'),
(10, 'Популярна психология'),
(11, 'История, културология и публицистика'),
(12, 'Изкуство, фотография, кино, музика'),
(13, 'Духовност, митология, езотерика'),
(14, 'Бизнес'),
(15, 'Туризъм и спорт');

-- --------------------------------------------------------

--
-- Table structure for table `orders`
--

CREATE TABLE `orders` (
  `id` int(11) NOT NULL,
  `user_id` int(11) NOT NULL,
  `total_price` decimal(10,2) NOT NULL,
  `order_date` timestamp NOT NULL DEFAULT current_timestamp(),
  `status` enum('pending','shipped','delivered','cancelled') NOT NULL DEFAULT 'pending'
) ENGINE=InnoDB DEFAULT CHARSET=utf8mb4 COLLATE=utf8mb4_general_ci;

-- --------------------------------------------------------

--
-- Table structure for table `order_details`
--

CREATE TABLE `order_details` (
  `id` int(11) NOT NULL,
  `order_id` int(11) NOT NULL,
  `book_id` int(11) NOT NULL,
  `quantity` int(11) NOT NULL,
  `price` decimal(10,2) NOT NULL
) ENGINE=InnoDB DEFAULT CHARSET=utf8mb4 COLLATE=utf8mb4_general_ci;

-- --------------------------------------------------------

--
-- Table structure for table `users`
--

CREATE TABLE `users` (
  `id` int(11) NOT NULL,
  `username` varchar(50) NOT NULL,
  `email` varchar(100) NOT NULL,
  `password` varchar(255) NOT NULL,
  `address_id` int(11) DEFAULT NULL,
  `role` enum('admin','customer') NOT NULL DEFAULT 'customer'
) ENGINE=InnoDB DEFAULT CHARSET=utf8mb4 COLLATE=utf8mb4_general_ci;

--
-- Indexes for dumped tables
--

--
-- Indexes for table `addresses`
--
ALTER TABLE `addresses`
  ADD PRIMARY KEY (`id`);

--
-- Indexes for table `authors`
--
ALTER TABLE `authors`
  ADD PRIMARY KEY (`id`);

--
-- Indexes for table `books`
--
ALTER TABLE `books`
  ADD PRIMARY KEY (`id`),
  ADD KEY `author_id` (`author_id`),
  ADD KEY `genre_id` (`genre_id`);

--
-- Indexes for table `genres`
--
ALTER TABLE `genres`
  ADD PRIMARY KEY (`id`);

--
-- Indexes for table `orders`
--
ALTER TABLE `orders`
  ADD PRIMARY KEY (`id`),
  ADD KEY `user_id` (`user_id`);

--
-- Indexes for table `order_details`
--
ALTER TABLE `order_details`
  ADD PRIMARY KEY (`id`),
  ADD KEY `order_id` (`order_id`),
  ADD KEY `book_id` (`book_id`);

--
-- Indexes for table `users`
--
ALTER TABLE `users`
  ADD PRIMARY KEY (`id`),
  ADD UNIQUE KEY `username` (`username`),
  ADD UNIQUE KEY `email` (`email`),
  ADD KEY `address_id` (`address_id`);

--
-- AUTO_INCREMENT for dumped tables
--

--
-- AUTO_INCREMENT for table `addresses`
--
ALTER TABLE `addresses`
  MODIFY `id` int(11) NOT NULL AUTO_INCREMENT;

--
-- AUTO_INCREMENT for table `authors`
--
ALTER TABLE `authors`
  MODIFY `id` int(11) NOT NULL AUTO_INCREMENT, AUTO_INCREMENT=159;

--
-- AUTO_INCREMENT for table `books`
--
ALTER TABLE `books`
  MODIFY `id` int(11) NOT NULL AUTO_INCREMENT, AUTO_INCREMENT=175;

--
-- AUTO_INCREMENT for table `genres`
--
ALTER TABLE `genres`
  MODIFY `id` int(11) NOT NULL AUTO_INCREMENT, AUTO_INCREMENT=16;

--
-- AUTO_INCREMENT for table `orders`
--
ALTER TABLE `orders`
  MODIFY `id` int(11) NOT NULL AUTO_INCREMENT;

--
-- AUTO_INCREMENT for table `order_details`
--
ALTER TABLE `order_details`
  MODIFY `id` int(11) NOT NULL AUTO_INCREMENT;

--
-- AUTO_INCREMENT for table `users`
--
ALTER TABLE `users`
  MODIFY `id` int(11) NOT NULL AUTO_INCREMENT;

--
-- Constraints for dumped tables
--

--
-- Constraints for table `books`
--
ALTER TABLE `books`
  ADD CONSTRAINT `books_ibfk_1` FOREIGN KEY (`author_id`) REFERENCES `authors` (`id`) ON DELETE CASCADE,
  ADD CONSTRAINT `books_ibfk_2` FOREIGN KEY (`genre_id`) REFERENCES `genres` (`id`) ON DELETE CASCADE;

--
-- Constraints for table `orders`
--
ALTER TABLE `orders`
  ADD CONSTRAINT `orders_ibfk_1` FOREIGN KEY (`user_id`) REFERENCES `users` (`id`) ON DELETE CASCADE;

--
-- Constraints for table `order_details`
--
ALTER TABLE `order_details`
  ADD CONSTRAINT `order_details_ibfk_1` FOREIGN KEY (`order_id`) REFERENCES `orders` (`id`) ON DELETE CASCADE,
  ADD CONSTRAINT `order_details_ibfk_2` FOREIGN KEY (`book_id`) REFERENCES `books` (`id`) ON DELETE CASCADE;

--
-- Constraints for table `users`
--
ALTER TABLE `users`
  ADD CONSTRAINT `users_ibfk_1` FOREIGN KEY (`address_id`) REFERENCES `addresses` (`id`) ON DELETE SET NULL;
COMMIT;

/*!40101 SET CHARACTER_SET_CLIENT=@OLD_CHARACTER_SET_CLIENT */;
/*!40101 SET CHARACTER_SET_RESULTS=@OLD_CHARACTER_SET_RESULTS */;
/*!40101 SET COLLATION_CONNECTION=@OLD_COLLATION_CONNECTION */;
